date,temperature_2m_max,temperature_2m_min,temperature_2m_mean
2020-01-01 00:00:00+00:00,16.264,5.9639997,10.949417
2020-01-02 00:00:00+00:00,14.864,6.7139997,10.005668
2020-01-03 00:00:00+00:00,10.164,5.664,8.011917
2020-01-04 00:00:00+00:00,12.514,5.264,8.122334
2020-01-05 00:00:00+00:00,10.864,4.014,6.970249
2020-01-06 00:00:00+00:00,14.514,3.1139998,8.326501
2020-01-07 00:00:00+00:00,14.164,3.9640002,9.384833
2020-01-08 00:00:00+00:00,12.964,6.264,8.897334
2020-01-09 00:00:00+00:00,12.514,5.164,8.22025
2020-01-10 00:00:00+00:00,13.014,3.2140002,8.4015
2020-01-11 00:00:00+00:00,14.064,4.164,9.203583
2020-01-12 00:00:00+00:00,17.064,5.4639997,10.849418
2020-01-13 00:00:00+00:00,16.964,6.7139997,11.261916
2020-01-14 00:00:00+00:00,17.514,6.864,11.911918
2020-01-15 00:00:00+00:00,17.114,9.964,13.116084
2020-01-16 00:00:00+00:00,15.014,9.564,11.447333
2020-01-17 00:00:00+00:00,11.414,5.014,9.203583
2020-01-18 00:00:00+00:00,15.314,4.964,10.024417
2020-01-19 00:00:00+00:00,13.014,4.064,8.580666
2020-01-20 00:00:00+00:00,13.764,4.814,8.732751
2020-01-21 00:00:00+00:00,13.714,5.014,9.3765
2020-01-22 00:00:00+00:00,15.114,6.064,10.128584
2020-01-23 00:00:00+00:00,15.114,4.964,9.9452505
2020-01-24 00:00:00+00:00,14.264,4.964,9.114
2020-01-25 00:00:00+00:00,14.164,4.314,8.597335
2020-01-26 00:00:00+00:00,12.464,3.914,8.280666
2020-01-27 00:00:00+00:00,14.114,5.314,9.468167
2020-01-28 00:00:00+00:00,16.164,6.164,11.8765
2020-01-29 00:00:00+00:00,16.264,7.564,11.397334
2020-01-30 00:00:00+00:00,13.914,7.014,9.866084
2020-01-31 00:00:00+00:00,14.314,6.914,10.3515005
2020-02-01 00:00:00+00:00,13.414,4.714,8.661917
2020-02-02 00:00:00+00:00,12.564,5.364,8.468167
2020-02-03 00:00:00+00:00,14.264,3.7140002,9.534835
2020-02-04 00:00:00+00:00,14.314,5.064,9.666081
2020-02-05 00:00:00+00:00,14.164,5.614,9.386916
2020-02-06 00:00:00+00:00,14.864,4.964,9.520249
2020-02-07 00:00:00+00:00,14.564,5.414,10.114001
2020-02-08 00:00:00+00:00,13.214,3.1139998,8.172333
2020-02-09 00:00:00+00:00,14.514,2.114,8.799417
2020-02-10 00:00:00+00:00,16.464,4.064,10.2890005
2020-02-11 00:00:00+00:00,16.964,5.914,11.243168
2020-02-12 00:00:00+00:00,17.764,5.364,12.124416
2020-02-13 00:00:00+00:00,18.814,7.414,13.130668
2020-02-14 00:00:00+00:00,17.914,8.014,13.409836
2020-02-15 00:00:00+00:00,16.614,10.564,13.5077505
2020-02-16 00:00:00+00:00,17.164,10.664,13.878582
2020-02-17 00:00:00+00:00,17.264,10.264,13.499416
2020-02-18 00:00:00+00:00,17.864,10.464,13.943169
2020-02-19 00:00:00+00:00,16.214,10.814,13.255669
2020-02-20 00:00:00+00:00,18.314,9.214,13.053584
2020-02-21 00:00:00+00:00,16.214,9.564,12.366082
2020-02-22 00:00:00+00:00,18.964,8.464,12.849418
2020-02-23 00:00:00+00:00,17.064,7.414,12.086917
2020-02-24 00:00:00+00:00,17.314,7.9639997,11.968167
2020-02-25 00:00:00+00:00,14.764,7.514,11.2015
2020-02-26 00:00:00+00:00,14.564,5.764,9.9035845
2020-02-27 00:00:00+00:00,16.914,6.514,11.682751
2020-02-28 00:00:00+00:00,17.964,6.864,12.586917
2020-02-29 00:00:00+00:00,19.664,8.464,14.028584
2020-03-01 00:00:00+00:00,19.264,9.264,13.709834
2020-03-02 00:00:00+00:00,17.964,8.564,12.643167
2020-03-03 00:00:00+00:00,18.514,8.714,13.626498
2020-03-04 00:00:00+00:00,17.464,8.364,12.543167
2020-03-05 00:00:00+00:00,19.014,8.9140005,12.978583
2020-03-06 00:00:00+00:00,16.914,9.264,12.755666
2020-03-07 00:00:00+00:00,15.914,8.064,11.330668
2020-03-08 00:00:00+00:00,18.414,7.314,13.088998
2020-03-09 00:00:00+00:00,20.264,7.314,15.030667
2020-03-10 00:00:00+00:00,19.364,10.664,14.930669
2020-03-11 00:00:00+00:00,21.114,10.114,15.918166
2020-03-12 00:00:00+00:00,22.514,11.664,16.818167
2020-03-13 00:00:00+00:00,18.564,11.214,14.051498
2020-03-14 00:00:00+00:00,18.364,8.9140005,13.361917
2020-03-15 00:00:00+00:00,19.464,8.714,13.095253
2020-03-16 00:00:00+00:00,19.414,9.714,14.593166
2020-03-17 00:00:00+00:00,20.114,9.114,14.761918
2020-03-18 00:00:00+00:00,20.164,10.214,15.216083
2020-03-19 00:00:00+00:00,19.764,8.314,13.516083
2020-03-20 00:00:00+00:00,18.514,9.114,13.034833
2020-03-21 00:00:00+00:00,18.014,9.464,13.47025
2020-03-22 00:00:00+00:00,17.814,9.564,13.391086
2020-03-23 00:00:00+00:00,18.464,9.364,13.736916
2020-03-24 00:00:00+00:00,20.914,10.814,16.064001
2020-03-25 00:00:00+00:00,19.214,12.014,15.505668
2020-03-26 00:00:00+00:00,23.964,13.164,18.19525
2020-03-27 00:00:00+00:00,25.514,13.264,19.322332
2020-03-28 00:00:00+00:00,25.214,13.714,18.736916
2020-03-29 00:00:00+00:00,25.514,12.314,18.303585
2020-03-30 00:00:00+00:00,23.914,12.014,18.563997
2020-03-31 00:00:00+00:00,25.014,13.064,18.98483
2020-04-01 00:00:00+00:00,21.114,11.564,16.001503
2020-04-02 00:00:00+00:00,23.164,12.614,17.71192
2020-04-03 00:00:00+00:00,24.014,11.914,17.997332
2020-04-04 00:00:00+00:00,24.014,12.514,18.341082
2020-04-05 00:00:00+00:00,21.864,13.164,18.097336
2020-04-06 00:00:00+00:00,23.914,12.514,18.228584
2020-04-07 00:00:00+00:00,24.914,12.564,19.736917
2020-04-08 00:00:00+00:00,24.714,13.664,18.878584
2020-04-09 00:00:00+00:00,24.114,13.164,18.143167
2020-04-10 00:00:00+00:00,25.664,13.064,19.982752
2020-04-11 00:00:00+00:00,24.314,13.914,18.995253
2020-04-12 00:00:00+00:00,26.264,13.864,20.628584
2020-04-13 00:00:00+00:00,24.364,14.814,19.184832
2020-04-14 00:00:00+00:00,24.214,15.214,18.916084
2020-04-15 00:00:00+00:00,25.114,14.214,19.032751
2020-04-16 00:00:00+00:00,21.864,14.664,17.845247
2020-04-17 00:00:00+00:00,21.214,14.414,17.624418
2020-04-18 00:00:00+00:00,22.214,13.214,17.4765
2020-04-19 00:00:00+00:00,24.514,14.114,18.576504
2020-04-20 00:00:00+00:00,22.614,13.564,17.814001
2020-04-21 00:00:00+00:00,20.314,11.614,15.118169
2020-04-22 00:00:00+00:00,18.214,11.714,14.911919
2020-04-23 00:00:00+00:00,20.464,12.364,15.709834
2020-04-24 00:00:00+00:00,19.364,12.664,15.853584
2020-04-25 00:00:00+00:00,20.514,13.464,16.953587
2020-04-26 00:00:00+00:00,21.314,14.064,16.682749
2020-04-27 00:00:00+00:00,21.714,12.964,16.805666
2020-04-28 00:00:00+00:00,21.214,12.914,16.491083
2020-04-29 00:00:00+00:00,21.064,13.564,17.047333
2020-04-30 00:00:00+00:00,22.014,13.914,17.845251
2020-05-01 00:00:00+00:00,20.664,14.414,17.468168
2020-05-02 00:00:00+00:00,23.514,15.264,18.499416
2020-05-03 00:00:00+00:00,22.664,15.314,18.618168
2020-05-04 00:00:00+00:00,21.164,15.314,18.228582
2020-05-05 00:00:00+00:00,21.864,13.614,17.9765
2020-05-06 00:00:00+00:00,22.564,13.014,16.71192
2020-05-07 00:00:00+00:00,20.614,12.064,15.928582
2020-05-08 00:00:00+00:00,22.314,12.564,18.197332
2020-05-09 00:00:00+00:00,23.614,14.114,19.02025
2020-05-10 00:00:00+00:00,22.814,14.864,18.647333
2020-05-11 00:00:00+00:00,24.164,15.614,19.109833
2020-05-12 00:00:00+00:00,22.514,15.614,18.570251
2020-05-13 00:00:00+00:00,23.764,15.664,19.549417
2020-05-14 00:00:00+00:00,24.114,16.514,19.947332
2020-05-15 00:00:00+00:00,23.764,16.564001,19.99525
2020-05-16 00:00:00+00:00,26.814,17.414,21.397333
2020-05-17 00:00:00+00:00,25.714,17.464,21.455667
2020-05-18 00:00:00+00:00,24.964,17.114,20.489
2020-05-19 00:00:00+00:00,25.464,16.064001,20.291084
2020-05-20 00:00:00+00:00,26.114,16.564001,21.407751
2020-05-21 00:00:00+00:00,21.564,18.064,19.686914
2020-05-22 00:00:00+00:00,24.614,18.914,21.441086
2020-05-23 00:00:00+00:00,22.364,18.814,20.42025
2020-05-24 00:00:00+00:00,25.064,17.914,21.126497
2020-05-25 00:00:00+00:00,25.614,17.364,21.753584
2020-05-26 00:00:00+00:00,25.214,17.364,20.641085
2020-05-27 00:00:00+00:00,25.214,17.264,20.428583
2020-05-28 00:00:00+00:00,21.714,17.064,18.930666
2020-05-29 00:00:00+00:00,22.914,16.114,19.036917
2020-05-30 00:00:00+00:00,24.314,17.214,19.941084
2020-05-31 00:00:00+00:00,22.314,16.514,19.611917
2020-06-01 00:00:00+00:00,24.314,16.814001,20.084835
2020-06-02 00:00:00+00:00,25.164,16.264,21.189001
2020-06-03 00:00:00+00:00,25.764,18.064,21.589003
2020-06-04 00:00:00+00:00,21.214,17.114,19.322338
2020-06-05 00:00:00+00:00,22.414,17.414,18.755665
2020-06-06 00:00:00+00:00,24.214,17.464,20.193165
2020-06-07 00:00:00+00:00,24.614,17.314,21.174417
2020-06-08 00:00:00+00:00,26.214,18.514,21.824417
2020-06-09 00:00:00+00:00,25.314,19.214,22.139
2020-06-10 00:00:00+00:00,25.614,19.014,22.341082
2020-06-11 00:00:00+00:00,25.314,19.264,22.495247
2020-06-12 00:00:00+00:00,25.864,20.014,22.709833
2020-06-13 00:00:00+00:00,26.064,19.964,22.441084
2020-06-14 00:00:00+00:00,25.164,20.064,22.189003
2020-06-15 00:00:00+00:00,23.414,20.264,21.889
2020-06-16 00:00:00+00:00,23.564,20.164,21.65983
2020-06-17 00:00:00+00:00,26.014,20.314,22.359833
2020-06-18 00:00:00+00:00,23.714,20.564,21.955671
2020-06-19 00:00:00+00:00,24.014,20.714,22.022333
2020-06-20 00:00:00+00:00,23.614,20.064,22.043167
2020-06-21 00:00:00+00:00,25.214,19.664,21.851496
2020-06-22 00:00:00+00:00,25.364,19.864,21.63067
2020-06-23 00:00:00+00:00,27.164,20.114,22.851501
2020-06-24 00:00:00+00:00,27.714,20.514,23.103584
2020-06-25 00:00:00+00:00,22.564,19.564,20.911917
2020-06-26 00:00:00+00:00,25.414,19.914,22.343164
2020-06-27 00:00:00+00:00,25.314,20.114,22.455667
2020-06-28 00:00:00+00:00,23.164,20.514,21.472334
2020-06-29 00:00:00+00:00,26.064,19.864,22.20775
2020-06-30 00:00:00+00:00,26.514,19.864,22.068169
2020-07-01 00:00:00+00:00,26.564,19.914,22.90983
2020-07-02 00:00:00+00:00,26.264,21.314,23.376497
2020-07-03 00:00:00+00:00,26.814,20.364,23.014
2020-07-04 00:00:00+00:00,25.064,19.614,22.33692
2020-07-05 00:00:00+00:00,26.514,20.164,22.305666
2020-07-06 00:00:00+00:00,26.564,20.364,22.818167
2020-07-07 00:00:00+00:00,25.964,20.514,22.466085
2020-07-08 00:00:00+00:00,26.764,20.964,23.468163
2020-07-09 00:00:00+00:00,25.164,21.114,22.561914
2020-07-10 00:00:00+00:00,23.964,20.414,21.899416
2020-07-11 00:00:00+00:00,26.014,20.464,22.29525
2020-07-12 00:00:00+00:00,24.764,20.814,22.4265
2020-07-13 00:00:00+00:00,24.764,20.314,21.999418
2020-07-14 00:00:00+00:00,24.114,20.214,22.103584
2020-07-15 00:00:00+00:00,26.464,20.264,22.774416
2020-07-16 00:00:00+00:00,26.314,20.764,23.009832
2020-07-17 00:00:00+00:00,24.514,21.164,22.809832
2020-07-18 00:00:00+00:00,25.264,21.164,22.455667
2020-07-19 00:00:00+00:00,23.814,20.564,21.911919
2020-07-20 00:00:00+00:00,22.764,19.864,20.941084
2020-07-21 00:00:00+00:00,23.564,19.564,21.08275
2020-07-22 00:00:00+00:00,24.764,19.864,22.099417
2020-07-23 00:00:00+00:00,25.864,20.114,21.889002
2020-07-24 00:00:00+00:00,25.064,20.214,22.251503
2020-07-25 00:00:00+00:00,26.214,20.514,22.541082
2020-07-26 00:00:00+00:00,26.864,20.314,22.799417
2020-07-27 00:00:00+00:00,26.664,20.964,22.916084
2020-07-28 00:00:00+00:00,24.364,21.064,22.536919
2020-07-29 00:00:00+00:00,24.014,20.464,21.93067
2020-07-30 00:00:00+00:00,25.814,20.514,22.201498
2020-07-31 00:00:00+00:00,25.214,20.414,22.4265
2020-08-01 00:00:00+00:00,26.064,20.714,22.409834
2020-08-02 00:00:00+00:00,26.814,21.264,23.588999
2020-08-03 00:00:00+00:00,27.464,19.514,22.986914
2020-08-04 00:00:00+00:00,29.464,19.614,25.218168
2020-08-05 00:00:00+00:00,29.164,21.214,23.96817
2020-08-06 00:00:00+00:00,26.664,20.214,23.293167
2020-08-07 00:00:00+00:00,26.414,21.014,23.338999
2020-08-08 00:00:00+00:00,26.714,21.164,23.545252
2020-08-09 00:00:00+00:00,24.564,20.964,22.691084
2020-08-10 00:00:00+00:00,25.264,21.064,22.695251
2020-08-11 00:00:00+00:00,26.064,21.014,22.99317
2020-08-12 00:00:00+00:00,23.764,20.964,22.047335
2020-08-13 00:00:00+00:00,27.464,20.914,22.986917
2020-08-14 00:00:00+00:00,27.464,20.364,23.161919
2020-08-15 00:00:00+00:00,25.164,20.064,22.632751
2020-08-16 00:00:00+00:00,26.864,20.664,23.055666
2020-08-17 00:00:00+00:00,26.314,20.714,22.941084
2020-08-18 00:00:00+00:00,26.314,20.064,22.928587
2020-08-19 00:00:00+00:00,25.164,20.214,22.272333
2020-08-20 00:00:00+00:00,25.464,19.414,22.2265
2020-08-21 00:00:00+00:00,26.414,19.614,22.247335
2020-08-22 00:00:00+00:00,25.664,19.064,22.189003
2020-08-23 00:00:00+00:00,25.664,19.964,22.195251
2020-08-24 00:00:00+00:00,26.614,20.164,22.797335
2020-08-25 00:00:00+00:00,26.814,19.914,22.822334
2020-08-26 00:00:00+00:00,26.014,20.664,22.384834
2020-08-27 00:00:00+00:00,26.114,19.814,22.153585
2020-08-28 00:00:00+00:00,25.864,19.614,22.101501
2020-08-29 00:00:00+00:00,26.164,19.314,21.930666
2020-08-30 00:00:00+00:00,25.814,19.464,22.257751
2020-08-31 00:00:00+00:00,26.514,19.764,22.720253
2020-09-01 00:00:00+00:00,28.014,20.514,23.291082
2020-09-02 00:00:00+00:00,27.114,20.014,22.4765
2020-09-03 00:00:00+00:00,25.414,19.014,21.784834
2020-09-04 00:00:00+00:00,26.264,19.464,22.355667
2020-09-05 00:00:00+00:00,26.314,19.214,22.243166
2020-09-06 00:00:00+00:00,26.514,19.264,22.409836
2020-09-07 00:00:00+00:00,26.314,20.264,22.184835
2020-09-08 00:00:00+00:00,26.464,19.314,21.891083
2020-09-09 00:00:00+00:00,25.164,19.814,22.116083
2020-09-10 00:00:00+00:00,24.614,20.064,22.111917
2020-09-11 00:00:00+00:00,25.414,19.964,22.08275
2020-09-12 00:00:00+00:00,26.414,19.664,22.484833
2020-09-13 00:00:00+00:00,26.014,20.564,22.276503
2020-09-14 00:00:00+00:00,23.464,19.814,21.36817
2020-09-15 00:00:00+00:00,24.364,19.764,21.291086
2020-09-16 00:00:00+00:00,25.014,19.664,21.845251
2020-09-17 00:00:00+00:00,26.114,19.814,22.028582
2020-09-18 00:00:00+00:00,24.664,19.814,21.603584
2020-09-19 00:00:00+00:00,24.914,19.414,21.516085
2020-09-20 00:00:00+00:00,28.314,19.364,23.486917
2020-09-21 00:00:00+00:00,26.714,19.314,22.6765
2020-09-22 00:00:00+00:00,24.364,19.964,21.726501
2020-09-23 00:00:00+00:00,23.114,19.814,21.105667
2020-09-24 00:00:00+00:00,22.264,19.214,20.474417
2020-09-25 00:00:00+00:00,24.664,19.114,21.211914
2020-09-26 00:00:00+00:00,23.214,17.564,20.430668
2020-09-27 00:00:00+00:00,24.914,17.664,20.96192
2020-09-28 00:00:00+00:00,25.264,18.214,21.528585
2020-09-29 00:00:00+00:00,25.264,17.614,21.224419
2020-09-30 00:00:00+00:00,25.464,18.414,21.478584
2020-10-01 00:00:00+00:00,25.714,18.214,21.25775
2020-10-02 00:00:00+00:00,25.764,17.914,21.259832
2020-10-03 00:00:00+00:00,25.414,18.414,21.466082
2020-10-04 00:00:00+00:00,25.614,18.464,21.384834
2020-10-05 00:00:00+00:00,25.664,17.764,21.168169
2020-10-06 00:00:00+00:00,24.864,16.764,20.659834
2020-10-07 00:00:00+00:00,25.614,17.414,21.088999
2020-10-08 00:00:00+00:00,25.614,17.114,21.080667
2020-10-09 00:00:00+00:00,25.814,16.514,20.957748
2020-10-10 00:00:00+00:00,25.764,16.964,21.295252
2020-10-11 00:00:00+00:00,25.714,17.114,21.30567
2020-10-12 00:00:00+00:00,25.414,16.964,21.0765
2020-10-13 00:00:00+00:00,25.064,16.464,20.820248
2020-10-14 00:00:00+00:00,24.864,16.364,20.372332
2020-10-15 00:00:00+00:00,25.914,16.464,20.970251
2020-10-16 00:00:00+00:00,25.464,16.314001,20.628582
2020-10-17 00:00:00+00:00,26.014,16.214,20.759832
2020-10-18 00:00:00+00:00,25.414,16.564001,20.886917
2020-10-19 00:00:00+00:00,22.964,14.464,19.026499
2020-10-20 00:00:00+00:00,24.514,15.514,19.351503
2020-10-21 00:00:00+00:00,23.814,14.864,19.374418
2020-10-22 00:00:00+00:00,24.114,14.764,18.897337
2020-10-23 00:00:00+00:00,23.164,15.364,19.080667
2020-10-24 00:00:00+00:00,23.464,15.214,18.839003
2020-10-25 00:00:00+00:00,23.864,14.564,18.834833
2020-10-26 00:00:00+00:00,23.514,14.464,18.611917
2020-10-27 00:00:00+00:00,22.564,13.764,18.078585
2020-10-28 00:00:00+00:00,24.014,13.364,18.199419
2020-10-29 00:00:00+00:00,25.214,13.214,18.980667
2020-10-30 00:00:00+00:00,26.364,14.714,20.099417
2020-10-31 00:00:00+00:00,26.914,15.364,20.96192
2020-11-01 00:00:00+00:00,24.114,15.314,19.60775
2020-11-02 00:00:00+00:00,24.014,13.114,18.684835
2020-11-03 00:00:00+00:00,23.114,13.564,17.847334
2020-11-04 00:00:00+00:00,22.864,10.414,16.089
2020-11-05 00:00:00+00:00,21.564,10.364,15.764001
2020-11-06 00:00:00+00:00,20.814,9.214,14.941082
2020-11-07 00:00:00+00:00,20.864,8.9140005,15.1535845
2020-11-08 00:00:00+00:00,21.914,10.314,15.766084
2020-11-09 00:00:00+00:00,22.964,10.564,16.874418
2020-11-10 00:00:00+00:00,22.464,11.864,17.120253
2020-11-11 00:00:00+00:00,22.964,11.814,16.98692
2020-11-12 00:00:00+00:00,23.414,11.214,16.741085
2020-11-13 00:00:00+00:00,23.264,10.564,16.543165
2020-11-14 00:00:00+00:00,23.114,10.364,16.499418
2020-11-15 00:00:00+00:00,23.214,10.164,16.266087
2020-11-16 00:00:00+00:00,20.014,10.164,14.164002
2020-11-17 00:00:00+00:00,19.864,10.214,14.453582
2020-11-18 00:00:00+00:00,20.064,9.614,14.48275
2020-11-19 00:00:00+00:00,20.714,8.814,14.43275
2020-11-20 00:00:00+00:00,19.364,9.614,14.068166
2020-11-21 00:00:00+00:00,17.414,6.9639997,12.147334
2020-11-22 00:00:00+00:00,17.014,6.764,11.899417
2020-11-23 00:00:00+00:00,18.014,6.764,12.251499
2020-11-24 00:00:00+00:00,18.814,6.914,12.9140005
2020-11-25 00:00:00+00:00,19.564,8.4140005,13.714
2020-11-26 00:00:00+00:00,19.864,8.614,13.939
2020-11-27 00:00:00+00:00,19.964,9.764,13.801501
2020-11-28 00:00:00+00:00,20.864,7.814,13.847332
2020-11-29 00:00:00+00:00,21.964,8.264,14.768168
2020-11-30 00:00:00+00:00,21.264,8.314,14.401502
2020-12-01 00:00:00+00:00,20.364,8.214,14.011917
2020-12-02 00:00:00+00:00,19.764,9.214,14.020251
2020-12-03 00:00:00+00:00,17.964,7.2139997,12.824417
2020-12-04 00:00:00+00:00,17.164,8.114,12.532753
2020-12-05 00:00:00+00:00,15.764,8.1640005,11.684834
2020-12-06 00:00:00+00:00,16.564001,7.514,11.766084
2020-12-07 00:00:00+00:00,16.964,8.114,13.270251
2020-12-08 00:00:00+00:00,17.514,9.814,13.8265
2020-12-09 00:00:00+00:00,18.264,10.514,13.999419
2020-12-10 00:00:00+00:00,19.214,6.364,13.078583
2020-12-11 00:00:00+00:00,19.414,7.414,14.072333
2020-12-12 00:00:00+00:00,20.014,9.164,13.888999
2020-12-13 00:00:00+00:00,19.514,7.114,12.651501
2020-12-14 00:00:00+00:00,18.014,6.664,11.818166
2020-12-15 00:00:00+00:00,18.764,5.914,11.672334
2020-12-16 00:00:00+00:00,18.564,6.314,11.716084
2020-12-17 00:00:00+00:00,16.864,5.364,10.351501
2020-12-18 00:00:00+00:00,16.864,4.864,10.3515005
2020-12-19 00:00:00+00:00,17.014,4.914,10.193168
2020-12-20 00:00:00+00:00,17.564,5.564,11.041081
2020-12-21 00:00:00+00:00,18.664,6.264,11.872333
2020-12-22 00:00:00+00:00,18.164,6.114,11.8744135
2020-12-23 00:00:00+00:00,18.114,6.514,11.397334
2020-12-24 00:00:00+00:00,18.614,6.514,11.447331
2020-12-25 00:00:00+00:00,17.764,6.514,11.434834
2020-12-26 00:00:00+00:00,18.464,4.614,10.564
2020-12-27 00:00:00+00:00,18.914,4.064,10.961918
2020-12-28 00:00:00+00:00,17.014,5.114,11.0015
2020-12-29 00:00:00+00:00,16.864,3.8639998,10.186916
2020-12-30 00:00:00+00:00,17.314,3.914,10.247334
2020-12-31 00:00:00+00:00,19.714,4.764,11.4660845
2021-01-01 00:00:00+00:00,19.164,4.964,11.530669
2021-01-02 00:00:00+00:00,19.464,5.614,12.345252
2021-01-03 00:00:00+00:00,21.314,7.564,14.911918
2021-01-04 00:00:00+00:00,21.114,12.314,16.378584
2021-01-05 00:00:00+00:00,19.014,11.464,15.382751
2021-01-06 00:00:00+00:00,21.714,10.714,15.759834
2021-01-07 00:00:00+00:00,21.614,10.114,15.236917
2021-01-08 00:00:00+00:00,20.114,8.714,14.014001
2021-01-09 00:00:00+00:00,21.464,8.114,14.378586
2021-01-10 00:00:00+00:00,21.564,8.764,14.911919
2021-01-11 00:00:00+00:00,20.014,7.664,13.336917
2021-01-12 00:00:00+00:00,17.964,7.414,11.647335
2021-01-13 00:00:00+00:00,15.814,7.314,11.014
2021-01-14 00:00:00+00:00,16.864,6.314,10.934834
2021-01-15 00:00:00+00:00,17.264,6.564,11.2890005
2021-01-16 00:00:00+00:00,17.464,6.614,11.943168
2021-01-17 00:00:00+00:00,18.364,7.914,11.745251
2021-01-18 00:00:00+00:00,18.864,7.064,12.624416
2021-01-19 00:00:00+00:00,17.914,5.664,11.655666
2021-01-20 00:00:00+00:00,16.614,4.864,11.178584
2021-01-21 00:00:00+00:00,15.464,5.414,10.30775
2021-01-22 00:00:00+00:00,17.164,5.314,11.0390005
2021-01-23 00:00:00+00:00,18.114,5.064,11.153584
2021-01-24 00:00:00+00:00,18.064,5.4639997,11.18275
2021-01-25 00:00:00+00:00,17.014,4.564,10.09525
2021-01-26 00:00:00+00:00,17.664,3.664,10.122334
2021-01-27 00:00:00+00:00,18.514,3.3639998,10.153585
2021-01-28 00:00:00+00:00,18.414,2.914,10.159834
2021-01-29 00:00:00+00:00,18.064,3.014,10.447332
2021-01-30 00:00:00+00:00,15.664,2.914,8.639001
2021-01-31 00:00:00+00:00,16.714,2.4640002,9.645248
2021-02-01 00:00:00+00:00,17.264,4.614,10.466084
2021-02-02 00:00:00+00:00,18.314,5.264,11.480667
2021-02-03 00:00:00+00:00,18.914,5.064,12.045251
2021-02-04 00:00:00+00:00,19.564,5.664,13.101501
2021-02-05 00:00:00+00:00,17.014,7.364,11.172333
2021-02-06 00:00:00+00:00,14.914,3.264,7.872332
2021-02-07 00:00:00+00:00,16.964,3.1139998,10.386918
2021-02-08 00:00:00+00:00,19.864,4.664,12.734834
2021-02-09 00:00:00+00:00,21.614,7.064,14.018167
2021-02-10 00:00:00+00:00,19.064,6.7139997,12.843166
2021-02-11 00:00:00+00:00,19.314,6.664,13.1327505
2021-02-12 00:00:00+00:00,18.864,6.7139997,12.911918
2021-02-13 00:00:00+00:00,19.264,5.9639997,13.999416
2021-02-14 00:00:00+00:00,18.664,8.464,13.174417
2021-02-15 00:00:00+00:00,18.964,6.314,12.120252
2021-02-16 00:00:00+00:00,18.764,6.314,12.891084
2021-02-17 00:00:00+00:00,20.114,6.614,12.682752
2021-02-18 00:00:00+00:00,18.714,6.614,11.711918
2021-02-19 00:00:00+00:00,19.614,6.864,12.568166
2021-02-20 00:00:00+00:00,21.014,7.014,14.253583
2021-02-21 00:00:00+00:00,21.964,8.564,15.139003
2021-02-22 00:00:00+00:00,22.364,8.614,15.584834
2021-02-23 00:00:00+00:00,22.564,8.6640005,16.234835
2021-02-24 00:00:00+00:00,20.864,10.414,15.866086
2021-02-25 00:00:00+00:00,22.464,10.414,15.824417
2021-02-26 00:00:00+00:00,22.064,10.214,16.220251
2021-02-27 00:00:00+00:00,21.664,10.914,16.447334
2021-02-28 00:00:00+00:00,22.014,9.514,16.070253
2021-03-01 00:00:00+00:00,24.114,9.614,16.726503
2021-03-02 00:00:00+00:00,22.214,9.414,15.176502
2021-03-03 00:00:00+00:00,22.464,8.714,15.364003
2021-03-04 00:00:00+00:00,21.414,9.064,15.576501
2021-03-05 00:00:00+00:00,20.964,8.314,14.739001
2021-03-06 00:00:00+00:00,21.664,8.314,15.193168
2021-03-07 00:00:00+00:00,19.364,9.564,14.553584
2021-03-08 00:00:00+00:00,21.064,10.664,15.582749
2021-03-09 00:00:00+00:00,22.114,11.414,16.784834
2021-03-10 00:00:00+00:00,21.914,11.514,16.191084
2021-03-11 00:00:00+00:00,22.014,11.614,16.9265
2021-03-12 00:00:00+00:00,23.914,12.014,18.024418
2021-03-13 00:00:00+00:00,21.614,9.864,14.922336
2021-03-14 00:00:00+00:00,20.614,11.014,16.253586
2021-03-15 00:00:00+00:00,23.714,9.714,17.428581
2021-03-16 00:00:00+00:00,23.214,11.364,17.226501
2021-03-17 00:00:00+00:00,24.414,11.214,18.27025
2021-03-18 00:00:00+00:00,24.864,12.264,18.428587
2021-03-19 00:00:00+00:00,25.414,12.914,19.57025
2021-03-20 00:00:00+00:00,25.264,11.964,18.349419
2021-03-21 00:00:00+00:00,25.314,12.014,19.116083
2021-03-22 00:00:00+00:00,26.014,13.164,20.44525
2021-03-23 00:00:00+00:00,26.914,15.614,21.107752
2021-03-24 00:00:00+00:00,26.014,14.014,19.626501
2021-03-25 00:00:00+00:00,25.014,12.964,18.970251
2021-03-26 00:00:00+00:00,26.964,11.664,19.711918
2021-03-27 00:00:00+00:00,26.664,12.564,19.661915
2021-03-28 00:00:00+00:00,26.364,12.214,19.716082
2021-03-29 00:00:00+00:00,23.914,13.964,19.297333
2021-03-30 00:00:00+00:00,24.214,13.664,18.466084
2021-03-31 00:00:00+00:00,21.814,12.964,16.561916
2021-04-01 00:00:00+00:00,23.414,10.064,16.3265
2021-04-02 00:00:00+00:00,24.664,9.864,17.059834
2021-04-03 00:00:00+00:00,24.564,10.464,18.193167
2021-04-04 00:00:00+00:00,25.514,11.864,19.099417
2021-04-05 00:00:00+00:00,26.614,12.864,19.078583
2021-04-06 00:00:00+00:00,26.014,12.514,19.9265
2021-04-07 00:00:00+00:00,26.364,14.614,20.289
2021-04-08 00:00:00+00:00,26.764,15.764,20.659836
2021-04-09 00:00:00+00:00,27.064,15.614,21.039
2021-04-10 00:00:00+00:00,27.364,13.764,20.893171
2021-04-11 00:00:00+00:00,28.264,14.014,21.730669
2021-04-12 00:00:00+00:00,28.314,15.264,21.907751
2021-04-13 00:00:00+00:00,28.014,15.714,21.493166
2021-04-14 00:00:00+00:00,28.864,15.664,22.199417
2021-04-15 00:00:00+00:00,27.114,15.964,21.064001
2021-04-16 00:00:00+00:00,25.514,13.714,19.37025
2021-04-17 00:00:00+00:00,25.164,13.514,18.422333
2021-04-18 00:00:00+00:00,24.564,12.464,18.403582
2021-04-19 00:00:00+00:00,25.114,11.564,19.370253
2021-04-20 00:00:00+00:00,27.914,13.864,21.824417
2021-04-21 00:00:00+00:00,25.114,15.414,19.366083
2021-04-22 00:00:00+00:00,23.364,14.564,18.114
2021-04-23 00:00:00+00:00,25.814,15.814,20.618166
2021-04-24 00:00:00+00:00,26.214,15.014,21.347334
2021-04-25 00:00:00+00:00,28.814,16.264,22.370249
2021-04-26 00:00:00+00:00,29.364,16.164,22.732748
2021-04-27 00:00:00+00:00,29.964,16.314001,22.880669
2021-04-28 00:00:00+00:00,29.014,16.414,23.145248
2021-04-29 00:00:00+00:00,25.464,15.564,20.797335
2021-04-30 00:00:00+00:00,23.264,14.864,18.999418
2021-05-01 00:00:00+00:00,25.214,15.764,19.355667
2021-05-02 00:00:00+00:00,22.714,15.414,18.547333
2021-05-03 00:00:00+00:00,22.864,14.664,18.316082
2021-05-04 00:00:00+00:00,22.364,15.464,18.118166
2021-05-05 00:00:00+00:00,19.414,14.214,16.449417
2021-05-06 00:00:00+00:00,22.414,14.664,17.830667
2021-05-07 00:00:00+00:00,20.964,15.164,17.961916
2021-05-08 00:00:00+00:00,23.114,14.514,18.220253
2021-05-09 00:00:00+00:00,22.264,14.664,18.264
2021-05-10 00:00:00+00:00,22.214,14.564,18.282751
2021-05-11 00:00:00+00:00,22.414,15.014,18.061918
2021-05-12 00:00:00+00:00,20.864,15.014,17.459833
2021-05-13 00:00:00+00:00,21.164,14.264,17.099419
2021-05-14 00:00:00+00:00,21.514,14.464,17.841085
2021-05-15 00:00:00+00:00,25.264,14.864,20.541084
2021-05-16 00:00:00+00:00,26.814,16.414,22.278582
2021-05-17 00:00:00+00:00,27.764,18.164,23.00358
2021-05-18 00:00:00+00:00,25.364,17.264,20.591085
2021-05-19 00:00:00+00:00,21.314,17.714,19.42025
2021-05-20 00:00:00+00:00,21.714,17.014,18.755667
2021-05-21 00:00:00+00:00,26.264,17.014,21.130667
2021-05-22 00:00:00+00:00,25.664,18.314,21.847334
2021-05-23 00:00:00+00:00,26.114,17.614,22.236917
2021-05-24 00:00:00+00:00,27.714,17.614,22.241083
2021-05-25 00:00:00+00:00,25.614,18.414,21.766085
2021-05-26 00:00:00+00:00,22.064,18.814,20.214003
2021-05-27 00:00:00+00:00,21.114,18.764,19.916084
2021-05-28 00:00:00+00:00,22.364,18.314,19.518166
2021-05-29 00:00:00+00:00,26.314,17.814,21.411919
2021-05-30 00:00:00+00:00,26.464,17.714,21.745249
2021-05-31 00:00:00+00:00,26.264,18.664,21.578583
2021-06-01 00:00:00+00:00,24.964,19.014,21.766085
2021-06-02 00:00:00+00:00,25.614,17.414,21.472334
2021-06-03 00:00:00+00:00,25.764,17.014,21.826502
2021-06-04 00:00:00+00:00,25.914,17.264,22.028585
2021-06-05 00:00:00+00:00,26.864,18.364,22.647331
2021-06-06 00:00:00+00:00,26.014,18.364,22.347334
2021-06-07 00:00:00+00:00,27.564,18.464,23.236916
2021-06-08 00:00:00+00:00,26.814,18.214,22.786917
2021-06-09 00:00:00+00:00,27.064,19.864,22.634834
2021-06-10 00:00:00+00:00,25.714,18.914,21.866083
2021-06-11 00:00:00+00:00,26.014,19.064,22.078583
2021-06-12 00:00:00+00:00,22.714,19.764,21.080667
2021-06-13 00:00:00+00:00,23.914,19.964,21.566084
2021-06-14 00:00:00+00:00,24.464,19.764,21.891083
2021-06-15 00:00:00+00:00,23.314,19.514,21.174417
2021-06-16 00:00:00+00:00,24.364,19.364,20.843164
2021-06-17 00:00:00+00:00,24.664,19.314,21.436918
2021-06-18 00:00:00+00:00,24.814,19.814,22.147333
2021-06-19 00:00:00+00:00,25.014,19.664,21.407753
2021-06-20 00:00:00+00:00,23.414,19.514,21.111917
2021-06-21 00:00:00+00:00,26.564,19.364,22.580671
2021-06-22 00:00:00+00:00,27.164,19.914,22.672338
2021-06-23 00:00:00+00:00,25.864,19.364,22.309835
2021-06-24 00:00:00+00:00,25.814,19.014,21.895248
2021-06-25 00:00:00+00:00,25.464,20.164,22.207754
2021-06-26 00:00:00+00:00,25.414,19.264,21.557753
2021-06-27 00:00:00+00:00,26.314,19.464,22.391083
2021-06-28 00:00:00+00:00,26.214,19.514,22.307749
2021-06-29 00:00:00+00:00,26.314,20.414,23.155668
2021-06-30 00:00:00+00:00,24.214,20.914,22.282751
2021-07-01 00:00:00+00:00,23.764,20.214,21.85775
2021-07-02 00:00:00+00:00,21.464,19.614,20.405664
2021-07-03 00:00:00+00:00,26.164,20.014,21.970251
2021-07-04 00:00:00+00:00,25.764,20.614,22.043167
2021-07-05 00:00:00+00:00,25.914,20.364,22.343168
2021-07-06 00:00:00+00:00,26.864,20.914,23.236916
2021-07-07 00:00:00+00:00,26.064,21.014,23.166079
2021-07-08 00:00:00+00:00,24.814,20.064,22.234838
2021-07-09 00:00:00+00:00,26.864,19.914,22.813997
2021-07-10 00:00:00+00:00,25.864,20.864,22.834833
2021-07-11 00:00:00+00:00,24.514,20.564,21.941086
2021-07-12 00:00:00+00:00,26.364,20.514,22.668167
2021-07-13 00:00:00+00:00,27.364,20.464,22.816084
2021-07-14 00:00:00+00:00,26.564,20.614,22.713997
2021-07-15 00:00:00+00:00,24.464,20.064,21.803583
2021-07-16 00:00:00+00:00,25.614,20.514,22.261917
2021-07-17 00:00:00+00:00,25.514,20.664,22.266085
2021-07-18 00:00:00+00:00,24.814,20.114,22.143167
2021-07-19 00:00:00+00:00,24.964,20.664,22.432753
2021-07-20 00:00:00+00:00,24.764,20.864,22.316086
2021-07-21 00:00:00+00:00,25.164,20.664,22.491083
2021-07-22 00:00:00+00:00,26.564,19.714,23.064003
2021-07-23 00:00:00+00:00,25.814,20.064,22.847334
2021-07-24 00:00:00+00:00,26.464,20.464,23.441084
2021-07-25 00:00:00+00:00,26.514,21.414,23.182753
2021-07-26 00:00:00+00:00,24.264,20.714,22.378586
2021-07-27 00:00:00+00:00,27.064,20.664,22.834833
2021-07-28 00:00:00+00:00,26.514,20.414,22.889002
2021-07-29 00:00:00+00:00,27.364,20.214,23.032751
2021-07-30 00:00:00+00:00,26.314,20.414,22.689003
2021-07-31 00:00:00+00:00,26.064,20.614,23.011919
2021-08-01 00:00:00+00:00,27.214,20.614,23.195251
2021-08-02 00:00:00+00:00,26.314,20.114,22.609833
2021-08-03 00:00:00+00:00,26.364,20.364,23.053583
2021-08-04 00:00:00+00:00,26.164,20.714,22.753584
2021-08-05 00:00:00+00:00,25.914,20.414,22.414001
2021-08-06 00:00:00+00:00,26.114,19.914,23.134832
2021-08-07 00:00:00+00:00,26.614,20.314,22.914001
2021-08-08 00:00:00+00:00,26.064,20.564,22.468168
2021-08-09 00:00:00+00:00,26.664,20.264,22.711916
2021-08-10 00:00:00+00:00,26.564,20.314,22.980667
2021-08-11 00:00:00+00:00,26.664,20.914,23.041084
2021-08-12 00:00:00+00:00,27.214,20.664,23.286917
2021-08-13 00:00:00+00:00,25.714,20.664,22.632751
2021-08-14 00:00:00+00:00,23.414,20.764,21.96817
2021-08-15 00:00:00+00:00,23.614,20.014,21.611916
2021-08-16 00:00:00+00:00,26.814,20.414,22.88275
2021-08-17 00:00:00+00:00,26.714,20.814,22.497335
2021-08-18 00:00:00+00:00,25.314,20.814,22.624418
2021-08-19 00:00:00+00:00,25.914,20.764,22.69525
2021-08-20 00:00:00+00:00,26.264,20.814,22.757753
2021-08-21 00:00:00+00:00,25.264,20.514,22.143167
2021-08-22 00:00:00+00:00,23.414,20.414,21.578583
2021-08-23 00:00:00+00:00,23.164,20.064,21.314001
2021-08-24 00:00:00+00:00,24.514,20.164,21.803587
2021-08-25 00:00:00+00:00,23.214,20.764,21.736916
2021-08-26 00:00:00+00:00,25.364,20.864,22.668167
2021-08-27 00:00:00+00:00,24.214,19.514,21.57025
2021-08-28 00:00:00+00:00,22.464,19.764,21.203585
2021-08-29 00:00:00+00:00,22.464,19.464,20.936918
2021-08-30 00:00:00+00:00,23.814,19.264,21.134836
2021-08-31 00:00:00+00:00,26.464,19.064,21.666084
2021-09-01 00:00:00+00:00,25.764,19.164,22.024416
2021-09-02 00:00:00+00:00,25.364,19.964,21.684835
2021-09-03 00:00:00+00:00,23.864,19.414,21.26608
2021-09-04 00:00:00+00:00,25.714,19.814,22.559835
2021-09-05 00:00:00+00:00,25.714,20.464,22.618166
2021-09-06 00:00:00+00:00,26.464,20.114,22.199417
2021-09-07 00:00:00+00:00,25.414,19.964,21.955667
2021-09-08 00:00:00+00:00,25.964,19.764,21.732752
2021-09-09 00:00:00+00:00,23.664,18.764,20.997335
2021-09-10 00:00:00+00:00,24.964,19.014,21.443169
2021-09-11 00:00:00+00:00,26.864,18.764,21.857752
2021-09-12 00:00:00+00:00,26.764,19.064,22.072334
2021-09-13 00:00:00+00:00,26.714,18.914,22.066084
2021-09-14 00:00:00+00:00,27.964,19.714,22.653585
2021-09-15 00:00:00+00:00,23.314,19.464,21.08067
2021-09-16 00:00:00+00:00,22.864,19.414,21.08275
2021-09-17 00:00:00+00:00,22.514,17.864,20.568169
2021-09-18 00:00:00+00:00,25.564,18.414,21.847334
2021-09-19 00:00:00+00:00,25.814,19.214,22.432749
2021-09-20 00:00:00+00:00,24.964,19.114,21.814001
2021-09-21 00:00:00+00:00,25.114,19.264,21.559832
2021-09-22 00:00:00+00:00,23.464,19.114,20.87025
2021-09-23 00:00:00+00:00,24.664,17.664,20.818167
2021-09-24 00:00:00+00:00,25.914,18.114,21.682749
2021-09-25 00:00:00+00:00,24.964,17.464,20.964
2021-09-26 00:00:00+00:00,26.364,17.564,21.553587
2021-09-27 00:00:00+00:00,25.364,18.064,21.218166
2021-09-28 00:00:00+00:00,25.064,17.914,20.672333
2021-09-29 00:00:00+00:00,24.664,18.014,20.614002
2021-09-30 00:00:00+00:00,25.114,17.414,20.64942
2021-10-01 00:00:00+00:00,25.914,18.314,21.076498
2021-10-02 00:00:00+00:00,23.014,18.414,20.522337
2021-10-03 00:00:00+00:00,25.014,18.064,21.174417
2021-10-04 00:00:00+00:00,24.914,18.364,20.828585
2021-10-05 00:00:00+00:00,23.614,18.264,20.868166
2021-10-06 00:00:00+00:00,23.364,17.964,20.503584
2021-10-07 00:00:00+00:00,24.414,17.714,20.568169
2021-10-08 00:00:00+00:00,24.414,18.114,20.880669
2021-10-09 00:00:00+00:00,24.764,17.714,20.574417
2021-10-10 00:00:00+00:00,24.764,17.314,20.514
2021-10-11 00:00:00+00:00,26.414,17.214,21.093166
2021-10-12 00:00:00+00:00,27.614,17.364,21.966087
2021-10-13 00:00:00+00:00,28.564,17.464,22.584833
2021-10-14 00:00:00+00:00,28.314,17.964,22.57025
2021-10-15 00:00:00+00:00,28.214,18.014,22.96817
2021-10-16 00:00:00+00:00,25.864,17.914,21.916084
2021-10-17 00:00:00+00:00,25.764,18.164,21.368166
2021-10-18 00:00:00+00:00,21.414,18.264,19.718168
2021-10-19 00:00:00+00:00,21.414,17.964,19.284834
2021-10-20 00:00:00+00:00,21.114,17.314,18.939001
2021-10-21 00:00:00+00:00,22.314,14.114,18.228584
2021-10-22 00:00:00+00:00,23.214,15.314,19.139
2021-10-23 00:00:00+00:00,19.464,14.764,17.216084
2021-10-24 00:00:00+00:00,22.114,12.364,16.603584
2021-10-25 00:00:00+00:00,21.664,11.864,16.991085
2021-10-26 00:00:00+00:00,21.814,12.014,16.441086
2021-10-27 00:00:00+00:00,21.514,12.464,16.584833
2021-10-28 00:00:00+00:00,21.064,12.264,16.30775
2021-10-29 00:00:00+00:00,21.514,12.164,16.755667
2021-10-30 00:00:00+00:00,20.964,12.164,16.011919
2021-10-31 00:00:00+00:00,20.114,11.114,15.524418
2021-11-01 00:00:00+00:00,19.564,9.814,15.316085
2021-11-02 00:00:00+00:00,19.264,9.964,14.484834
2021-11-03 00:00:00+00:00,20.164,8.714,14.782752
2021-11-04 00:00:00+00:00,20.164,7.364,14.099419
2021-11-05 00:00:00+00:00,19.914,7.2139997,13.955667
2021-11-06 00:00:00+00:00,19.264,7.2139997,13.589
2021-11-07 00:00:00+00:00,19.964,7.414,13.922334
2021-11-08 00:00:00+00:00,21.364,8.264,15.132749
2021-11-09 00:00:00+00:00,21.314,10.814,15.401504
2021-11-10 00:00:00+00:00,20.814,10.114,15.047333
2021-11-11 00:00:00+00:00,20.464,10.364,14.761917
2021-11-12 00:00:00+00:00,20.514,9.514,14.726499
2021-11-13 00:00:00+00:00,19.764,9.164,13.978584
2021-11-14 00:00:00+00:00,19.864,8.964,14.078586
2021-11-15 00:00:00+00:00,18.764,8.464,13.305665
2021-11-16 00:00:00+00:00,19.114,8.564,13.099418
2021-11-17 00:00:00+00:00,19.664,8.214,13.707751
2021-11-18 00:00:00+00:00,21.014,10.264,15.497334
2021-11-19 00:00:00+00:00,20.664,7.914,14.459832
2021-11-20 00:00:00+00:00,20.414,8.214,14.930667
2021-11-21 00:00:00+00:00,21.964,7.814,14.359834
2021-11-22 00:00:00+00:00,20.814,8.064,13.636916
2021-11-23 00:00:00+00:00,19.414,8.1640005,13.316085
2021-11-24 00:00:00+00:00,17.714,9.764,13.172334
2021-11-25 00:00:00+00:00,16.264,9.964,12.951499
2021-11-26 00:00:00+00:00,14.164,10.214,12.128583
2021-11-27 00:00:00+00:00,16.214,8.814,12.736917
2021-11-28 00:00:00+00:00,18.664,8.1640005,13.095252
2021-11-29 00:00:00+00:00,18.414,8.364,12.797334
2021-11-30 00:00:00+00:00,18.964,7.914,13.0265
2021-12-01 00:00:00+00:00,20.064,8.064,14.086915
2021-12-02 00:00:00+00:00,19.464,11.214,14.8265
2021-12-03 00:00:00+00:00,17.014,11.014,14.214001
2021-12-04 00:00:00+00:00,20.564,10.664,14.672333
2021-12-05 00:00:00+00:00,19.814,8.1640005,13.868167
2021-12-06 00:00:00+00:00,19.564,7.514,13.626498
2021-12-07 00:00:00+00:00,18.564,9.614,13.645249
2021-12-08 00:00:00+00:00,18.414,8.364,12.964
2021-12-09 00:00:00+00:00,17.914,7.7139997,11.986917
2021-12-10 00:00:00+00:00,16.464,7.064,11.826501
2021-12-11 00:00:00+00:00,17.414,6.514,11.749417
2021-12-12 00:00:00+00:00,16.914,6.414,10.947334
2021-12-13 00:00:00+00:00,17.364,6.114,11.301499
2021-12-14 00:00:00+00:00,17.514,6.4639997,11.2265005
2021-12-15 00:00:00+00:00,17.014,3.2140002,9.928583
2021-12-16 00:00:00+00:00,18.214,3.6139998,10.72025
2021-12-17 00:00:00+00:00,17.664,6.4639997,11.130669
2021-12-18 00:00:00+00:00,16.664,1.964,9.791083
2021-12-19 00:00:00+00:00,16.164,1.964,9.6015
2021-12-20 00:00:00+00:00,15.364,5.664,9.5265
2021-12-21 00:00:00+00:00,15.764,4.664,9.997333
2021-12-22 00:00:00+00:00,15.864,5.164,10.3098345
2021-12-23 00:00:00+00:00,15.064,5.264,9.464
2021-12-24 00:00:00+00:00,15.214,4.414,9.501499
2021-12-25 00:00:00+00:00,13.264,4.464,8.459833
2021-12-26 00:00:00+00:00,13.614,4.464,8.499417
2021-12-27 00:00:00+00:00,13.564,2.614,8.918166
2021-12-28 00:00:00+00:00,15.114,3.014,10.032749
2021-12-29 00:00:00+00:00,11.164,5.864,8.18275
2021-12-30 00:00:00+00:00,13.464,4.064,8.103583
2021-12-31 00:00:00+00:00,14.714,3.9640002,9.191085
2022-01-01 00:00:00+00:00,15.464,4.814,9.859832
2022-01-02 00:00:00+00:00,16.314001,2.4640002,10.005667
2022-01-03 00:00:00+00:00,16.714,5.364,10.786918
2022-01-04 00:00:00+00:00,16.864,6.114,10.918166
2022-01-05 00:00:00+00:00,16.214,6.064,11.216084
2022-01-06 00:00:00+00:00,16.064001,8.064,11.957749
2022-01-07 00:00:00+00:00,17.014,9.514,12.461917
2022-01-08 00:00:00+00:00,16.414,8.064,12.103584
2022-01-09 00:00:00+00:00,18.014,8.614,12.928584
2022-01-10 00:00:00+00:00,16.564001,7.2139997,10.870251
2022-01-11 00:00:00+00:00,17.464,6.9639997,11.4015
2022-01-12 00:00:00+00:00,15.314,4.314,9.197333
2022-01-13 00:00:00+00:00,13.764,2.414,8.33275
2022-01-14 00:00:00+00:00,14.914,3.7140002,9.109831
2022-01-15 00:00:00+00:00,14.114,2.614,8.274415
2022-01-16 00:00:00+00:00,16.014,2.514,9.6223345
2022-01-17 00:00:00+00:00,17.264,6.014,11.301501
2022-01-18 00:00:00+00:00,16.814001,6.514,11.1327505
2022-01-19 00:00:00+00:00,15.414,7.064,10.628584
2022-01-20 00:00:00+00:00,12.364,6.014,8.85775
2022-01-21 00:00:00+00:00,10.664,4.014,7.8119164
2022-01-22 00:00:00+00:00,12.414,2.414,8.320249
2022-01-23 00:00:00+00:00,14.864,3.514,9.1015005
2022-01-24 00:00:00+00:00,12.514,2.614,7.6348343
2022-01-25 00:00:00+00:00,13.214,4.464,8.372334
2022-01-26 00:00:00+00:00,11.914,3.6139998,7.5035825
2022-01-27 00:00:00+00:00,12.214,1.964,6.55775
2022-01-28 00:00:00+00:00,12.364,1.8640001,7.4869175
2022-01-29 00:00:00+00:00,13.314,3.3639998,8.1015
2022-01-30 00:00:00+00:00,14.164,4.364,9.676499
2022-01-31 00:00:00+00:00,14.364,5.914,9.811915
2022-02-01 00:00:00+00:00,11.264,2.614,7.2848325
2022-02-02 00:00:00+00:00,13.014,2.8140001,8.3515
2022-02-03 00:00:00+00:00,14.914,4.014,9.622334
2022-02-04 00:00:00+00:00,12.264,3.414,7.1806674
2022-02-05 00:00:00+00:00,10.514,0.8640001,5.8681664
2022-02-06 00:00:00+00:00,13.464,1.8640001,7.75775
2022-02-07 00:00:00+00:00,14.314,2.614,9.816082
2022-02-08 00:00:00+00:00,13.664,3.8639998,9.168166
2022-02-09 00:00:00+00:00,14.514,2.7140002,9.1952505
2022-02-10 00:00:00+00:00,14.114,5.9639997,9.691084
2022-02-11 00:00:00+00:00,14.214,0.91400003,8.3202505
2022-02-12 00:00:00+00:00,15.964,1.414,9.732751
2022-02-13 00:00:00+00:00,14.764,4.514,9.522334
2022-02-14 00:00:00+00:00,17.064,4.464,10.941085
2022-02-15 00:00:00+00:00,16.564001,5.9639997,11.424417
2022-02-16 00:00:00+00:00,16.214,7.364,11.0910845
2022-02-17 00:00:00+00:00,16.564001,6.414,11.168167
2022-02-18 00:00:00+00:00,17.264,4.714,11.232749
2022-02-19 00:00:00+00:00,16.114,4.264,10.405667
2022-02-20 00:00:00+00:00,14.514,3.8639998,8.080667
2022-02-21 00:00:00+00:00,14.314,3.5640001,8.60775
2022-02-22 00:00:00+00:00,14.814,4.164,9.984834
2022-02-23 00:00:00+00:00,16.414,4.914,12.051498
2022-02-24 00:00:00+00:00,18.514,9.464,13.491084
2022-02-25 00:00:00+00:00,16.314001,6.514,10.249416
2022-02-26 00:00:00+00:00,16.914,6.614,12.272331
2022-02-27 00:00:00+00:00,18.214,8.6640005,13.480667
2022-02-28 00:00:00+00:00,18.714,8.314,13.3202505
2022-03-01 00:00:00+00:00,19.364,7.914,13.472332
2022-03-02 00:00:00+00:00,18.514,8.964,13.780669
2022-03-03 00:00:00+00:00,20.964,9.414,14.276502
2022-03-04 00:00:00+00:00,20.364,7.314,14.011917
2022-03-05 00:00:00+00:00,20.914,8.614,14.474419
2022-03-06 00:00:00+00:00,22.214,8.9140005,15.582751
2022-03-07 00:00:00+00:00,25.064,10.464,17.447334
2022-03-08 00:00:00+00:00,25.064,11.414,18.091085
2022-03-09 00:00:00+00:00,24.364,11.914,17.741087
2022-03-10 00:00:00+00:00,23.664,11.914,16.878582
2022-03-11 00:00:00+00:00,22.314,11.014,16.67233
2022-03-12 00:00:00+00:00,23.164,11.114,17.6015
2022-03-13 00:00:00+00:00,24.814,12.714,18.599417
2022-03-14 00:00:00+00:00,26.314,12.214,19.641085
2022-03-15 00:00:00+00:00,26.414,13.664,20.220251
2022-03-16 00:00:00+00:00,24.764,14.114,18.828585
2022-03-17 00:00:00+00:00,26.914,13.814,20.066084
2022-03-18 00:00:00+00:00,27.414,15.014,21.322336
2022-03-19 00:00:00+00:00,27.414,16.564001,21.67025
2022-03-20 00:00:00+00:00,27.564,15.464,21.349419
2022-03-21 00:00:00+00:00,25.114,14.914,20.22025
2022-03-22 00:00:00+00:00,24.614,15.064,19.301498
2022-03-23 00:00:00+00:00,24.264,11.364,17.39942
2022-03-24 00:00:00+00:00,22.964,11.614,16.98275
2022-03-25 00:00:00+00:00,25.864,12.864,19.291086
2022-03-26 00:00:00+00:00,25.814,14.264,19.524416
2022-03-27 00:00:00+00:00,25.914,14.014,19.49317
2022-03-28 00:00:00+00:00,23.364,15.914,19.436916
2022-03-29 00:00:00+00:00,22.764,15.314,19.434832
2022-03-30 00:00:00+00:00,20.614,16.814001,18.259834
2022-03-31 00:00:00+00:00,19.414,16.014,17.686916
2022-04-01 00:00:00+00:00,23.314,15.964,19.691084
2022-04-02 00:00:00+00:00,22.314,13.914,18.274416
2022-04-03 00:00:00+00:00,23.864,14.814,19.178583
2022-04-04 00:00:00+00:00,25.814,14.764,20.593168
2022-04-05 00:00:00+00:00,25.314,15.364,20.576502
2022-04-06 00:00:00+00:00,26.664,16.114,20.884836
2022-04-07 00:00:00+00:00,23.814,14.914,19.120249
2022-04-08 00:00:00+00:00,22.564,15.464,19.1765
2022-04-09 00:00:00+00:00,22.564,14.564,18.655666
2022-04-10 00:00:00+00:00,22.914,14.964,18.674417
2022-04-11 00:00:00+00:00,23.864,15.464,20.19317
2022-04-12 00:00:00+00:00,22.514,16.464,19.2515
2022-04-13 00:00:00+00:00,24.414,15.964,19.580666
2022-04-14 00:00:00+00:00,27.814,15.964,21.184832
2022-04-15 00:00:00+00:00,27.164,14.864,20.984835
2022-04-16 00:00:00+00:00,27.414,15.364,21.418167
2022-04-17 00:00:00+00:00,27.564,15.264,22.08692
2022-04-18 00:00:00+00:00,28.414,15.914,22.480667
2022-04-19 00:00:00+00:00,25.414,16.014,20.545252
2022-04-20 00:00:00+00:00,23.414,15.614,18.911917
2022-04-21 00:00:00+00:00,24.714,15.414,19.439001
2022-04-22 00:00:00+00:00,23.564,14.914,19.126501
2022-04-23 00:00:00+00:00,26.564,14.814,20.793165
2022-04-24 00:00:00+00:00,28.764,14.614,21.816086
2022-04-25 00:00:00+00:00,29.114,14.814,22.049417
2022-04-26 00:00:00+00:00,27.964,17.064,21.664001
2022-04-27 00:00:00+00:00,27.864,17.564,22.682749
2022-04-28 00:00:00+00:00,26.514,17.564,21.932755
2022-04-29 00:00:00+00:00,24.664,16.814001,20.518166
2022-04-30 00:00:00+00:00,22.864,15.614,18.693169
2022-05-01 00:00:00+00:00,21.764,15.914,18.322336
2022-05-02 00:00:00+00:00,24.214,14.064,18.580667
2022-05-03 00:00:00+00:00,24.164,14.614,20.17025
2022-05-04 00:00:00+00:00,22.464,16.014,18.797335
2022-05-05 00:00:00+00:00,22.514,16.514,18.624418
2022-05-06 00:00:00+00:00,22.314,15.064,18.699417
2022-05-07 00:00:00+00:00,24.064,15.714,19.286919
2022-05-08 00:00:00+00:00,25.114,16.064001,19.578583
2022-05-09 00:00:00+00:00,25.614,16.264,20.111917
2022-05-10 00:00:00+00:00,25.564,16.814001,20.955667
2022-05-11 00:00:00+00:00,25.714,17.064,20.724419
2022-05-12 00:00:00+00:00,26.064,17.864,21.693167
2022-05-13 00:00:00+00:00,24.764,17.614,20.778585
2022-05-14 00:00:00+00:00,26.414,17.914,21.574417
2022-05-15 00:00:00+00:00,25.264,18.164,20.980667
2022-05-16 00:00:00+00:00,26.914,17.464,21.232752
2022-05-17 00:00:00+00:00,26.314,17.664,22.1765
2022-05-18 00:00:00+00:00,26.064,17.314,21.791084
2022-05-19 00:00:00+00:00,25.814,16.414,21.180668
2022-05-20 00:00:00+00:00,25.464,17.314,20.395252
2022-05-21 00:00:00+00:00,25.764,15.864,19.793173
2022-05-22 00:00:00+00:00,26.214,15.314,19.357752
2022-05-23 00:00:00+00:00,25.514,15.814,19.166084
2022-05-24 00:00:00+00:00,25.064,15.964,20.116085
2022-05-25 00:00:00+00:00,22.714,14.914,18.526503
2022-05-26 00:00:00+00:00,22.914,15.214,19.063997
2022-05-27 00:00:00+00:00,25.014,15.514,20.513998
2022-05-28 00:00:00+00:00,23.714,17.414,20.091082
2022-05-29 00:00:00+00:00,22.914,17.964,20.52025
2022-05-30 00:00:00+00:00,24.864,17.664,20.722336
2022-05-31 00:00:00+00:00,25.164,17.164,20.874418
2022-06-01 00:00:00+00:00,25.364,17.364,21.239
2022-06-02 00:00:00+00:00,24.714,17.564,21.284834
2022-06-03 00:00:00+00:00,25.864,17.564,21.972334
2022-06-04 00:00:00+00:00,26.714,18.514,22.061914
2022-06-05 00:00:00+00:00,25.214,18.814,21.728584
2022-06-06 00:00:00+00:00,25.514,19.264,21.914001
2022-06-07 00:00:00+00:00,25.714,18.864,21.905668
2022-06-08 00:00:00+00:00,25.664,19.064,21.628584
2022-06-09 00:00:00+00:00,26.214,19.214,21.736917
2022-06-10 00:00:00+00:00,26.264,18.964,22.289001
2022-06-11 00:00:00+00:00,26.464,18.264,22.24317
2022-06-12 00:00:00+00:00,26.464,18.664,22.111917
2022-06-13 00:00:00+00:00,25.714,19.264,22.061918
2022-06-14 00:00:00+00:00,25.914,19.664,22.25775
2022-06-15 00:00:00+00:00,25.814,18.714,21.664001
2022-06-16 00:00:00+00:00,26.314,18.514,21.749418
2022-06-17 00:00:00+00:00,26.014,18.414,21.70775
2022-06-18 00:00:00+00:00,25.714,18.464,21.503586
2022-06-19 00:00:00+00:00,27.014,18.114,21.759834
2022-06-20 00:00:00+00:00,25.814,18.664,21.934835
2022-06-21 00:00:00+00:00,25.814,18.114,21.570251
2022-06-22 00:00:00+00:00,25.764,18.764,22.253584
2022-06-23 00:00:00+00:00,26.314,19.464,22.551498
2022-06-24 00:00:00+00:00,26.014,20.364,22.739
2022-06-25 00:00:00+00:00,25.164,20.464,22.178587
2022-06-26 00:00:00+00:00,25.864,20.564,22.439003
2022-06-27 00:00:00+00:00,25.864,20.614,22.253584
2022-06-28 00:00:00+00:00,25.014,20.514,22.326502
2022-06-29 00:00:00+00:00,22.314,19.564,20.972336
2022-06-30 00:00:00+00:00,25.814,18.514,21.83275
2022-07-01 00:00:00+00:00,26.464,19.914,22.934835
2022-07-02 00:00:00+00:00,26.464,19.214,22.222334
2022-07-03 00:00:00+00:00,25.964,19.964,22.664001
2022-07-04 00:00:00+00:00,27.564,20.864,23.586916
2022-07-05 00:00:00+00:00,26.814,20.864,23.33692
2022-07-06 00:00:00+00:00,26.264,20.814,23.541084
2022-07-07 00:00:00+00:00,28.114,21.014,23.778582
2022-07-08 00:00:00+00:00,27.264,21.214,23.289001
2022-07-09 00:00:00+00:00,25.214,19.364,22.355667
2022-07-10 00:00:00+00:00,26.914,19.414,22.759836
2022-07-11 00:00:00+00:00,26.814,19.614,23.11817
2022-07-12 00:00:00+00:00,27.214,20.064,22.680664
2022-07-13 00:00:00+00:00,28.514,19.764,23.186914
2022-07-14 00:00:00+00:00,27.514,20.014,23.151499
2022-07-15 00:00:00+00:00,28.864,19.664,23.657747
2022-07-16 00:00:00+00:00,27.714,19.864,23.366083
2022-07-17 00:00:00+00:00,28.064,19.964,23.678587
2022-07-18 00:00:00+00:00,28.014,20.864,23.124414
2022-07-19 00:00:00+00:00,26.814,20.964,22.843164
2022-07-20 00:00:00+00:00,24.664,20.714,22.411917
2022-07-21 00:00:00+00:00,24.064,20.064,21.9765
2022-07-22 00:00:00+00:00,25.014,20.514,22.432749
2022-07-23 00:00:00+00:00,26.314,20.514,22.886919
2022-07-24 00:00:00+00:00,24.964,19.564,21.751501
2022-07-25 00:00:00+00:00,25.814,19.514,21.984838
2022-07-26 00:00:00+00:00,24.664,19.714,21.868166
2022-07-27 00:00:00+00:00,26.164,19.264,21.9515
2022-07-28 00:00:00+00:00,25.014,19.914,22.07025
2022-07-29 00:00:00+00:00,26.014,19.864,22.103584
2022-07-30 00:00:00+00:00,25.264,19.564,22.082748
2022-07-31 00:00:00+00:00,23.614,20.464,21.789
2022-08-01 00:00:00+00:00,24.364,20.764,21.949417
2022-08-02 00:00:00+00:00,23.064,20.164,21.50775
2022-08-03 00:00:00+00:00,25.664,19.714,22.309835
2022-08-04 00:00:00+00:00,25.764,19.914,22.209833
2022-08-05 00:00:00+00:00,26.714,20.114,22.855667
2022-08-06 00:00:00+00:00,25.864,20.364,22.889
2022-08-07 00:00:00+00:00,27.264,19.464,22.778582
2022-08-08 00:00:00+00:00,28.414,19.514,23.114004
2022-08-09 00:00:00+00:00,27.614,19.964,23.841085
2022-08-10 00:00:00+00:00,28.164,20.114,23.078585
2022-08-11 00:00:00+00:00,26.764,18.864,22.766085
2022-08-12 00:00:00+00:00,26.364,19.114,23.236916
2022-08-13 00:00:00+00:00,28.264,20.164,23.38275
2022-08-14 00:00:00+00:00,25.364,19.414,22.018166
2022-08-15 00:00:00+00:00,27.164,19.414,22.695251
2022-08-16 00:00:00+00:00,26.364,19.614,22.291084
2022-08-17 00:00:00+00:00,26.414,19.114,22.174417
2022-08-18 00:00:00+00:00,27.414,18.814,23.224417
2022-08-19 00:00:00+00:00,26.314,19.114,22.189003
2022-08-20 00:00:00+00:00,27.864,19.264,22.528585
2022-08-21 00:00:00+00:00,27.764,18.614,22.338999
2022-08-22 00:00:00+00:00,28.014,19.064,22.755667
2022-08-23 00:00:00+00:00,27.214,19.014,22.622332
2022-08-24 00:00:00+00:00,27.264,19.064,22.466085
2022-08-25 00:00:00+00:00,26.764,19.014,23.272333
2022-08-26 00:00:00+00:00,24.414,19.664,22.057749
2022-08-27 00:00:00+00:00,24.814,20.114,22.111916
2022-08-28 00:00:00+00:00,22.714,18.964,20.963999
2022-08-29 00:00:00+00:00,25.914,19.464,22.111917
2022-08-30 00:00:00+00:00,26.214,19.264,22.011917
2022-08-31 00:00:00+00:00,24.964,19.714,21.630667
2022-09-01 00:00:00+00:00,24.314,19.114,20.928583
2022-09-02 00:00:00+00:00,24.514,19.614,21.605665
2022-09-03 00:00:00+00:00,25.914,19.464,22.316084
2022-09-04 00:00:00+00:00,25.814,19.764,21.874418
2022-09-05 00:00:00+00:00,25.514,19.464,21.9515
2022-09-06 00:00:00+00:00,27.164,19.064,22.205671
2022-09-07 00:00:00+00:00,25.964,18.764,21.478582
2022-09-08 00:00:00+00:00,25.414,18.964,21.447336
2022-09-09 00:00:00+00:00,25.514,18.964,21.391083
2022-09-10 00:00:00+00:00,24.864,18.514,21.12025
2022-09-11 00:00:00+00:00,25.864,18.314,21.251501
2022-09-12 00:00:00+00:00,25.714,18.414,21.603579
2022-09-13 00:00:00+00:00,25.464,18.114,21.124418
2022-09-14 00:00:00+00:00,25.614,18.764,21.316084
2022-09-15 00:00:00+00:00,23.864,19.364,21.278584
2022-09-16 00:00:00+00:00,25.014,18.864,20.814001
2022-09-17 00:00:00+00:00,23.664,18.314,20.714
2022-09-18 00:00:00+00:00,26.314,18.064,21.016085
2022-09-19 00:00:00+00:00,26.864,18.164,21.947336
2022-09-20 00:00:00+00:00,25.664,18.814,22.126501
2022-09-21 00:00:00+00:00,27.064,18.764,21.586916
2022-09-22 00:00:00+00:00,26.214,18.464,21.722336
2022-09-23 00:00:00+00:00,26.114,18.314,21.58275
2022-09-24 00:00:00+00:00,25.714,17.114,20.674417
2022-09-25 00:00:00+00:00,25.564,17.564,20.43275
2022-09-26 00:00:00+00:00,25.214,16.714,20.128584
2022-09-27 00:00:00+00:00,25.014,16.414,19.84525
2022-09-28 00:00:00+00:00,24.514,15.514,19.874418
2022-09-29 00:00:00+00:00,25.514,15.964,20.643166
2022-09-30 00:00:00+00:00,26.064,17.014,20.449415
2022-10-01 00:00:00+00:00,25.514,17.264,20.316084
2022-10-02 00:00:00+00:00,26.614,17.314,21.678587
2022-10-03 00:00:00+00:00,26.814,17.764,21.836916
2022-10-04 00:00:00+00:00,23.064,18.014,20.514004
2022-10-05 00:00:00+00:00,21.814,18.614,19.999418
2022-10-06 00:00:00+00:00,20.664,16.514,18.870253
2022-10-07 00:00:00+00:00,24.564,17.464,19.911919
2022-10-08 00:00:00+00:00,24.164,15.564,20.239
2022-10-09 00:00:00+00:00,24.864,18.064,20.914001
2022-10-10 00:00:00+00:00,22.614,17.014,19.580667
2022-10-11 00:00:00+00:00,23.264,16.314001,19.491083
2022-10-12 00:00:00+00:00,23.014,14.914,18.868168
2022-10-13 00:00:00+00:00,23.164,13.464,18.507751
2022-10-14 00:00:00+00:00,23.314,12.414,17.811916
2022-10-15 00:00:00+00:00,23.464,12.114,17.87442
2022-10-16 00:00:00+00:00,24.364,11.964,17.9515
2022-10-17 00:00:00+00:00,25.164,12.214,17.945251
2022-10-18 00:00:00+00:00,23.164,11.614,17.086918
2022-10-19 00:00:00+00:00,21.764,11.014,15.916081
2022-10-20 00:00:00+00:00,21.064,11.564,16.205667
2022-10-21 00:00:00+00:00,22.164,11.664,16.478586
2022-10-22 00:00:00+00:00,23.264,11.514,16.647333
2022-10-23 00:00:00+00:00,23.864,11.514,18.245249
2022-10-24 00:00:00+00:00,24.264,13.914,18.626501
2022-10-25 00:00:00+00:00,21.614,10.464,16.422335
2022-10-26 00:00:00+00:00,21.664,10.114,16.216082
2022-10-27 00:00:00+00:00,20.264,11.764,16.141083
2022-10-28 00:00:00+00:00,19.914,11.214,15.516082
2022-10-29 00:00:00+00:00,21.664,11.414,16.643164
2022-10-30 00:00:00+00:00,22.364,11.814,16.814001
2022-10-31 00:00:00+00:00,22.764,11.664,16.968168
2022-11-01 00:00:00+00:00,21.964,11.564,16.243168
2022-11-02 00:00:00+00:00,22.214,10.564,16.036917
2022-11-03 00:00:00+00:00,21.764,10.864,16.032751
2022-11-04 00:00:00+00:00,22.364,11.914,16.318169
2022-11-05 00:00:00+00:00,23.214,11.914,17.053585
2022-11-06 00:00:00+00:00,21.314,11.764,16.189003
2022-11-07 00:00:00+00:00,20.464,11.114,15.411918
2022-11-08 00:00:00+00:00,20.414,11.214,15.432752
2022-11-09 00:00:00+00:00,19.664,11.564,15.220252
2022-11-10 00:00:00+00:00,19.514,10.364,14.745251
2022-11-11 00:00:00+00:00,20.164,9.214,14.528584
2022-11-12 00:00:00+00:00,20.364,7.414,13.666084
2022-11-13 00:00:00+00:00,20.014,6.7139997,13.093166
2022-11-14 00:00:00+00:00,19.164,6.914,13.609833
2022-11-15 00:00:00+00:00,19.714,9.264,14.370252
2022-11-16 00:00:00+00:00,19.164,9.164,14.282752
2022-11-17 00:00:00+00:00,18.564,7.614,13.118167
2022-11-18 00:00:00+00:00,19.864,8.314,13.87025
2022-11-19 00:00:00+00:00,21.214,9.214,15.253586
2022-11-20 00:00:00+00:00,21.014,9.764,14.939003
2022-11-21 00:00:00+00:00,20.864,9.264,14.65775
2022-11-22 00:00:00+00:00,20.014,9.114,13.995251
2022-11-23 00:00:00+00:00,20.314,5.9639997,13.422333
2022-11-24 00:00:00+00:00,19.964,5.564,13.464002
2022-11-25 00:00:00+00:00,21.564,8.964,15.080667
2022-11-26 00:00:00+00:00,21.764,10.364,15.37442
2022-11-27 00:00:00+00:00,20.414,6.914,13.426501
2022-11-28 00:00:00+00:00,19.614,6.564,12.932751
2022-11-29 00:00:00+00:00,20.314,6.764,13.8098345
2022-11-30 00:00:00+00:00,20.614,6.114,13.868167
2022-12-01 00:00:00+00:00,20.564,8.264,14.089
2022-12-02 00:00:00+00:00,20.364,8.564,13.993168
2022-12-03 00:00:00+00:00,19.764,8.864,13.674416
2022-12-04 00:00:00+00:00,20.164,7.764,13.43275
2022-12-05 00:00:00+00:00,19.614,7.014,12.7515
2022-12-06 00:00:00+00:00,19.614,7.564,12.866082
2022-12-07 00:00:00+00:00,19.664,7.264,12.66817
2022-12-08 00:00:00+00:00,19.264,7.064,12.641084
2022-12-09 00:00:00+00:00,19.464,6.814,12.651498
2022-12-10 00:00:00+00:00,19.614,7.364,12.870251
2022-12-11 00:00:00+00:00,21.014,7.664,13.672334
2022-12-12 00:00:00+00:00,20.814,5.564,12.543166
2022-12-13 00:00:00+00:00,20.564,6.014,12.882751
2022-12-14 00:00:00+00:00,18.914,5.764,11.805667
2022-12-15 00:00:00+00:00,17.314,7.014,12.05775
2022-12-16 00:00:00+00:00,19.414,6.364,12.334834
2022-12-17 00:00:00+00:00,17.564,7.664,13.1952505
2022-12-18 00:00:00+00:00,19.214,8.9140005,13.2890005
2022-12-19 00:00:00+00:00,19.064,8.064,12.870252
2022-12-20 00:00:00+00:00,18.264,5.364,11.630669
2022-12-21 00:00:00+00:00,18.214,6.864,11.814002
2022-12-22 00:00:00+00:00,18.814,6.314,11.982751
2022-12-23 00:00:00+00:00,18.314,5.4639997,11.382749
2022-12-24 00:00:00+00:00,18.064,5.264,11.359833
2022-12-25 00:00:00+00:00,18.214,6.664,11.672334
2022-12-26 00:00:00+00:00,17.564,4.964,10.918166
2022-12-27 00:00:00+00:00,17.514,4.614,10.263999
2022-12-28 00:00:00+00:00,16.414,4.214,9.593167
2022-12-29 00:00:00+00:00,14.764,3.8639998,9.105668
2022-12-30 00:00:00+00:00,15.264,5.2139997,9.491082
2022-12-31 00:00:00+00:00,14.614,5.2139997,10.197333
2023-01-01 00:00:00+00:00,14.764,6.614,10.093165
2023-01-02 00:00:00+00:00,15.564,2.0640001,8.761918
2023-01-03 00:00:00+00:00,15.814,1.264,8.611917
2023-01-04 00:00:00+00:00,16.564001,2.2140002,9.224417
2023-01-05 00:00:00+00:00,16.564001,3.6139998,9.918166
2023-01-06 00:00:00+00:00,18.964,4.314,11.299417
2023-01-07 00:00:00+00:00,19.914,5.9639997,12.151501
2023-01-08 00:00:00+00:00,20.114,5.7139997,12.343166
2023-01-09 00:00:00+00:00,19.964,5.564,12.272334
2023-01-10 00:00:00+00:00,19.114,6.264,12.1015005
2023-01-11 00:00:00+00:00,18.664,5.264,11.247334
2023-01-12 00:00:00+00:00,18.064,5.064,10.907749
2023-01-13 00:00:00+00:00,17.114,6.614,11.922336
2023-01-14 00:00:00+00:00,16.914,5.914,10.499415
2023-01-15 00:00:00+00:00,17.014,4.114,9.986916
2023-01-16 00:00:00+00:00,14.414,3.5640001,8.511916
2023-01-17 00:00:00+00:00,14.714,1.964,8.061916
2023-01-18 00:00:00+00:00,14.764,3.914,8.8515
2023-01-19 00:00:00+00:00,14.414,3.014,8.874416
2023-01-20 00:00:00+00:00,18.164,4.614,11.120251
2023-01-21 00:00:00+00:00,18.164,6.514,12.266084
2023-01-22 00:00:00+00:00,18.714,5.9639997,12.799417
2023-01-23 00:00:00+00:00,20.164,7.9639997,13.253585
2023-01-24 00:00:00+00:00,19.414,6.914,14.139001
2023-01-25 00:00:00+00:00,19.814,8.714,14.0015
2023-01-26 00:00:00+00:00,19.814,9.464,14.249415
2023-01-27 00:00:00+00:00,22.164,8.764,14.624416
2023-01-28 00:00:00+00:00,21.564,7.664,13.636917
2023-01-29 00:00:00+00:00,21.214,6.764,13.3265
2023-01-30 00:00:00+00:00,21.414,7.7139997,14.628585
2023-01-31 00:00:00+00:00,21.714,9.714,14.991084
2023-02-01 00:00:00+00:00,20.614,8.364,13.695251
2023-02-02 00:00:00+00:00,21.464,6.864,13.072334
2023-02-03 00:00:00+00:00,20.164,5.764,13.241084
2023-02-04 00:00:00+00:00,20.514,7.864,13.761916
2023-02-05 00:00:00+00:00,20.464,6.064,13.189
2023-02-06 00:00:00+00:00,19.514,5.9639997,12.772334
2023-02-07 00:00:00+00:00,18.014,6.064,12.543166
2023-02-08 00:00:00+00:00,18.964,6.864,12.499419
2023-02-09 00:00:00+00:00,17.964,6.014,12.245252
2023-02-10 00:00:00+00:00,19.464,6.864,13.432752
2023-02-11 00:00:00+00:00,20.964,9.164,14.4035845
2023-02-12 00:00:00+00:00,19.764,6.2139997,12.159833
2023-02-13 00:00:00+00:00,20.714,5.864,12.447334
2023-02-14 00:00:00+00:00,18.964,5.614,12.370252
2023-02-15 00:00:00+00:00,21.514,7.4639997,14.014001
2023-02-16 00:00:00+00:00,23.314,8.964,15.936916
2023-02-17 00:00:00+00:00,22.564,9.014,15.866084
2023-02-18 00:00:00+00:00,22.664,9.914,16.12442
2023-02-19 00:00:00+00:00,23.464,10.264,16.3015
2023-02-20 00:00:00+00:00,22.264,8.9140005,15.703584
2023-02-21 00:00:00+00:00,22.514,8.314,16.061914
2023-02-22 00:00:00+00:00,20.764,10.614,15.532749
2023-02-23 00:00:00+00:00,23.814,9.764,16.318167
2023-02-24 00:00:00+00:00,22.514,7.414,14.918166
2023-02-25 00:00:00+00:00,19.664,9.064,13.524418
2023-02-26 00:00:00+00:00,18.164,8.1640005,11.759834
2023-02-27 00:00:00+00:00,18.114,8.264,12.876499
2023-02-28 00:00:00+00:00,20.164,8.314,14.60775
2023-03-01 00:00:00+00:00,21.164,9.564,15.230667
2023-03-02 00:00:00+00:00,21.614,10.114,15.049418
2023-03-03 00:00:00+00:00,22.164,9.664,15.672336
2023-03-04 00:00:00+00:00,21.664,10.364,15.286919
2023-03-05 00:00:00+00:00,22.414,11.164,16.793167
2023-03-06 00:00:00+00:00,23.864,11.114,16.888998
2023-03-07 00:00:00+00:00,23.314,11.114,16.720251
2023-03-08 00:00:00+00:00,17.664,9.214,13.272332
2023-03-09 00:00:00+00:00,21.964,10.064,14.941085
2023-03-10 00:00:00+00:00,22.714,9.364,16.086918
2023-03-11 00:00:00+00:00,22.864,11.464,15.53275
2023-03-12 00:00:00+00:00,23.114,11.264,17.466084
2023-03-13 00:00:00+00:00,22.264,10.864,15.489002
2023-03-14 00:00:00+00:00,21.264,9.364,14.486918
2023-03-15 00:00:00+00:00,21.314,9.564,15.364001
2023-03-16 00:00:00+00:00,22.064,11.514,16.441084
2023-03-17 00:00:00+00:00,21.164,9.114,14.953584
2023-03-18 00:00:00+00:00,20.564,10.264,14.947333
2023-03-19 00:00:00+00:00,17.764,9.814,14.03275
2023-03-20 00:00:00+00:00,19.564,10.214,13.630666
2023-03-21 00:00:00+00:00,17.914,8.764,12.751502
2023-03-22 00:00:00+00:00,19.114,8.114,13.7890005
2023-03-23 00:00:00+00:00,19.914,9.814,14.616084
2023-03-24 00:00:00+00:00,20.364,9.964,14.636916
2023-03-25 00:00:00+00:00,21.214,11.314,16.241087
2023-03-26 00:00:00+00:00,23.514,12.614,17.445251
2023-03-27 00:00:00+00:00,22.614,11.514,16.786919
2023-03-28 00:00:00+00:00,23.314,9.864,16.482752
2023-03-29 00:00:00+00:00,22.064,11.614,16.934835
2023-03-30 00:00:00+00:00,23.714,12.314,17.607752
2023-03-31 00:00:00+00:00,22.164,11.514,15.143167
2023-04-01 00:00:00+00:00,19.964,9.564,13.322333
2023-04-02 00:00:00+00:00,18.314,8.814,12.916084
2023-04-03 00:00:00+00:00,21.014,9.814,15.314
2023-04-04 00:00:00+00:00,22.314,11.114,15.809834
2023-04-05 00:00:00+00:00,22.964,11.614,17.405668
2023-04-06 00:00:00+00:00,24.714,11.964,18.393167
2023-04-07 00:00:00+00:00,25.664,12.514,18.655668
2023-04-08 00:00:00+00:00,25.114,13.214,19.216085
2023-04-09 00:00:00+00:00,26.064,13.464,19.753588
2023-04-10 00:00:00+00:00,26.214,12.864,19.866085
2023-04-11 00:00:00+00:00,26.964,13.814,20.114002
2023-04-12 00:00:00+00:00,27.864,14.164,20.98275
2023-04-13 00:00:00+00:00,28.314,15.314,21.586916
2023-04-14 00:00:00+00:00,28.964,16.264,22.488998
2023-04-15 00:00:00+00:00,29.014,16.814001,23.107752
2023-04-16 00:00:00+00:00,30.014,16.814001,22.780668
2023-04-17 00:00:00+00:00,30.764,17.214,24.10775
2023-04-18 00:00:00+00:00,31.314,18.064,24.601503
2023-04-19 00:00:00+00:00,31.164,17.114,23.972334
2023-04-20 00:00:00+00:00,30.264,17.114,23.061918
2023-04-21 00:00:00+00:00,27.364,13.814,19.513998
2023-04-22 00:00:00+00:00,26.814,14.314,20.622335
2023-04-23 00:00:00+00:00,25.914,12.814,19.320253
2023-04-24 00:00:00+00:00,21.614,12.364,16.416086
2023-04-25 00:00:00+00:00,23.464,13.064,17.301498
2023-04-26 00:00:00+00:00,24.014,13.414,19.247334
2023-04-27 00:00:00+00:00,24.114,15.014,19.847332
2023-04-28 00:00:00+00:00,25.714,14.314,19.668169
2023-04-29 00:00:00+00:00,25.514,15.414,19.664
2023-04-30 00:00:00+00:00,22.164,14.064,17.393167
2023-05-01 00:00:00+00:00,18.814,13.514,15.918168
2023-05-02 00:00:00+00:00,20.864,12.364,15.676501
2023-05-03 00:00:00+00:00,24.214,13.664,17.83275
2023-05-04 00:00:00+00:00,20.364,12.914,16.764002
2023-05-05 00:00:00+00:00,23.914,13.564,18.753584
2023-05-06 00:00:00+00:00,25.714,14.964,20.33275
2023-05-07 00:00:00+00:00,26.264,15.464,19.999416
2023-05-08 00:00:00+00:00,27.814,15.714,21.824417
2023-05-09 00:00:00+00:00,27.764,14.064,20.930666
2023-05-10 00:00:00+00:00,26.764,13.814,20.776503
2023-05-11 00:00:00+00:00,28.664,13.864,20.934835
2023-05-12 00:00:00+00:00,28.164,15.214,21.83275
2023-05-13 00:00:00+00:00,28.664,16.864,21.955667
2023-05-14 00:00:00+00:00,27.064,15.164,20.430666
2023-05-15 00:00:00+00:00,24.564,14.914,19.536919
2023-05-16 00:00:00+00:00,24.114,14.614,19.2765
2023-05-17 00:00:00+00:00,25.764,14.764,19.728584
2023-05-18 00:00:00+00:00,24.414,15.764,19.784834
2023-05-19 00:00:00+00:00,26.114,15.964,20.282751
2023-05-20 00:00:00+00:00,24.864,15.164,19.978586
2023-05-21 00:00:00+00:00,25.614,16.714,20.889002
2023-05-22 00:00:00+00:00,26.214,16.514,21.934835
2023-05-23 00:00:00+00:00,26.464,17.364,20.595255
2023-05-24 00:00:00+00:00,25.864,16.064001,20.266083
2023-05-25 00:00:00+00:00,22.464,15.514,19.136915
2023-05-26 00:00:00+00:00,24.014,15.714,19.16608
2023-05-27 00:00:00+00:00,23.714,13.614,18.782751
2023-05-28 00:00:00+00:00,23.614,14.664,19.6515
2023-05-29 00:00:00+00:00,25.764,17.114,21.061918
2023-05-30 00:00:00+00:00,27.064,18.164,22.64525
2023-05-31 00:00:00+00:00,28.664,19.114,23.793169
2023-06-01 00:00:00+00:00,29.864,18.514,24.088997
2023-06-02 00:00:00+00:00,28.814,18.614,23.930672
2023-06-03 00:00:00+00:00,28.464,18.114,23.386917
2023-06-04 00:00:00+00:00,29.964,17.864,23.768167
2023-06-05 00:00:00+00:00,28.914,18.014,23.222334
2023-06-06 00:00:00+00:00,29.164,18.614,23.184832
2023-06-07 00:00:00+00:00,29.014,18.914,23.861917
2023-06-08 00:00:00+00:00,29.664,19.614,23.870253
2023-06-09 00:00:00+00:00,29.564,19.214,24.86817
2023-06-10 00:00:00+00:00,28.864,19.464,24.168167
2023-06-11 00:00:00+00:00,28.114,19.964,23.407753
2023-06-12 00:00:00+00:00,27.814,18.964,22.75775
2023-06-13 00:00:00+00:00,28.064,18.714,22.441086
2023-06-14 00:00:00+00:00,26.564,18.964,21.339003
2023-06-15 00:00:00+00:00,27.214,18.914,22.428583
2023-06-16 00:00:00+00:00,28.214,19.564,23.093164
2023-06-17 00:00:00+00:00,27.514,19.964,23.705664
2023-06-18 00:00:00+00:00,28.414,20.214,23.368166
2023-06-19 00:00:00+00:00,27.514,19.714,22.886917
2023-06-20 00:00:00+00:00,27.364,20.114,23.247335
2023-06-21 00:00:00+00:00,28.214,20.014,23.853584
2023-06-22 00:00:00+00:00,27.864,21.064,24.076502
2023-06-23 00:00:00+00:00,27.764,21.264,23.991081
2023-06-24 00:00:00+00:00,26.414,20.914,23.122332
2023-06-25 00:00:00+00:00,27.564,19.714,22.878584
2023-06-26 00:00:00+00:00,27.714,18.864,23.014002
2023-06-27 00:00:00+00:00,26.164,20.164,23.159836
2023-06-28 00:00:00+00:00,26.464,20.064,22.618166
2023-06-29 00:00:00+00:00,27.114,20.664,23.028582
2023-06-30 00:00:00+00:00,24.264,20.464,21.859835
2023-07-01 00:00:00+00:00,26.164,20.464,22.239
2023-07-02 00:00:00+00:00,27.764,19.864,22.793167
2023-07-03 00:00:00+00:00,26.864,20.014,22.868166
2023-07-04 00:00:00+00:00,26.014,20.114,22.459837
2023-07-05 00:00:00+00:00,26.314,19.064,22.014002
2023-07-06 00:00:00+00:00,27.514,20.164,22.995249
2023-07-07 00:00:00+00:00,26.814,20.064,23.17025
2023-07-08 00:00:00+00:00,27.714,20.364,23.341082
2023-07-09 00:00:00+00:00,27.764,20.814,23.747332
2023-07-10 00:00:00+00:00,28.614,20.414,23.48483
2023-07-11 00:00:00+00:00,28.364,20.314,23.557753
2023-07-12 00:00:00+00:00,26.514,20.264,22.85775
2023-07-13 00:00:00+00:00,26.964,20.664,22.734833
2023-07-14 00:00:00+00:00,26.464,20.714,22.974419
2023-07-15 00:00:00+00:00,26.314,20.364,22.963999
2023-07-16 00:00:00+00:00,26.414,20.664,22.897337
2023-07-17 00:00:00+00:00,26.714,20.864,23.018167
2023-07-18 00:00:00+00:00,24.964,20.514,22.255667
2023-07-19 00:00:00+00:00,28.464,20.314,23.480665
2023-07-20 00:00:00+00:00,29.314,20.814,24.293167
2023-07-21 00:00:00+00:00,28.614,20.114,23.678583
2023-07-22 00:00:00+00:00,27.664,20.364,23.50775
2023-07-23 00:00:00+00:00,27.564,19.914,22.714003
2023-07-24 00:00:00+00:00,26.964,20.664,22.826502
2023-07-25 00:00:00+00:00,25.514,20.964,22.30567
2023-07-26 00:00:00+00:00,27.114,20.464,22.936918
2023-07-27 00:00:00+00:00,27.514,20.664,22.872332
2023-07-28 00:00:00+00:00,26.914,20.114,23.003584
2023-07-29 00:00:00+00:00,25.764,20.114,22.518167
2023-07-30 00:00:00+00:00,26.914,20.164,22.845247
2023-07-31 00:00:00+00:00,28.814,20.464,23.461916
2023-08-01 00:00:00+00:00,29.064,20.464,24.284834
2023-08-02 00:00:00+00:00,28.414,21.214,24.453583
2023-08-03 00:00:00+00:00,27.164,20.764,23.499414
2023-08-04 00:00:00+00:00,26.214,21.014,23.141085
2023-08-05 00:00:00+00:00,25.714,20.764,22.928583
2023-08-06 00:00:00+00:00,24.564,20.964,22.518167
2023-08-07 00:00:00+00:00,24.264,21.214,22.424416
2023-08-08 00:00:00+00:00,24.664,20.764,22.286919
2023-08-09 00:00:00+00:00,28.714,21.064,23.518167
2023-08-10 00:00:00+00:00,28.364,20.614,23.434835
2023-08-11 00:00:00+00:00,27.364,20.914,23.186918
2023-08-12 00:00:00+00:00,26.014,21.514,23.074419
2023-08-13 00:00:00+00:00,23.164,20.714,21.834837
2023-08-14 00:00:00+00:00,24.614,18.214,21.634836
2023-08-15 00:00:00+00:00,27.664,18.814,22.911917
2023-08-16 00:00:00+00:00,27.214,19.714,23.164003
2023-08-17 00:00:00+00:00,28.064,19.964,23.088999
2023-08-18 00:00:00+00:00,27.664,20.214,23.720253
2023-08-19 00:00:00+00:00,28.064,20.214,23.647333
2023-08-20 00:00:00+00:00,26.864,21.414,22.995253
2023-08-21 00:00:00+00:00,25.264,20.114,22.343164
2023-08-22 00:00:00+00:00,26.564,21.014,22.807749
2023-08-23 00:00:00+00:00,24.914,20.664,22.178583
2023-08-24 00:00:00+00:00,25.664,20.814,22.52025
2023-08-25 00:00:00+00:00,26.064,20.814,22.497335
2023-08-26 00:00:00+00:00,26.214,19.664,21.657753
2023-08-27 00:00:00+00:00,27.614,18.764,21.961916
2023-08-28 00:00:00+00:00,27.264,18.914,22.066084
2023-08-29 00:00:00+00:00,26.364,17.764,21.816086
2023-08-30 00:00:00+00:00,27.814,18.364,22.495249
2023-08-31 00:00:00+00:00,26.714,18.914,22.370249
2023-09-01 00:00:00+00:00,27.114,18.764,22.932747
2023-09-02 00:00:00+00:00,28.314,19.664,23.136919
2023-09-03 00:00:00+00:00,28.714,19.514,23.118166
2023-09-04 00:00:00+00:00,28.864,19.414,22.911917
2023-09-05 00:00:00+00:00,26.314,19.614,22.884834
2023-09-06 00:00:00+00:00,28.014,19.664,23.586916
2023-09-07 00:00:00+00:00,28.814,19.364,23.234833
2023-09-08 00:00:00+00:00,27.264,19.614,22.566086
2023-09-09 00:00:00+00:00,25.914,19.414,21.99317
2023-09-10 00:00:00+00:00,26.114,18.714,22.159834
2023-09-11 00:00:00+00:00,26.414,18.664,22.626503
2023-09-12 00:00:00+00:00,26.814,19.664,22.911919
2023-09-13 00:00:00+00:00,28.264,19.514,23.039
2023-09-14 00:00:00+00:00,26.714,19.714,22.99317
2023-09-15 00:00:00+00:00,27.214,19.514,23.041084
2023-09-16 00:00:00+00:00,27.764,19.364,22.707748
2023-09-17 00:00:00+00:00,27.364,19.114,22.193167
2023-09-18 00:00:00+00:00,28.564,18.664,22.9765
2023-09-19 00:00:00+00:00,27.314,18.964,22.447332
2023-09-20 00:00:00+00:00,25.764,19.014,21.820251
2023-09-21 00:00:00+00:00,25.964,19.614,21.828585
2023-09-22 00:00:00+00:00,25.364,18.064,21.139002
2023-09-23 00:00:00+00:00,24.364,18.914,21.245249
2023-09-24 00:00:00+00:00,25.014,18.264,21.047335
2023-09-25 00:00:00+00:00,25.514,17.314,20.522333
2023-09-26 00:00:00+00:00,25.814,17.464,21.343168
2023-09-27 00:00:00+00:00,26.364,17.114,21.476501
2023-09-28 00:00:00+00:00,26.914,17.864,22.016085
2023-09-29 00:00:00+00:00,27.764,18.264,21.939003
2023-09-30 00:00:00+00:00,27.864,18.814,22.518167
2023-10-01 00:00:00+00:00,26.414,19.314,22.39525
2023-10-02 00:00:00+00:00,24.914,19.364,21.186916
2023-10-03 00:00:00+00:00,25.064,18.714,21.466085
2023-10-04 00:00:00+00:00,21.564,18.414,19.907751
2023-10-05 00:00:00+00:00,24.814,18.414,21.374418
2023-10-06 00:00:00+00:00,23.964,17.464,20.547333
2023-10-07 00:00:00+00:00,24.514,16.414,20.272335
2023-10-08 00:00:00+00:00,24.114,16.164,20.024416
2023-10-09 00:00:00+00:00,25.214,15.864,20.403584
2023-10-10 00:00:00+00:00,24.764,15.414,19.489002
2023-10-11 00:00:00+00:00,23.714,14.964,19.049417
2023-10-12 00:00:00+00:00,23.764,14.264,18.67025
2023-10-13 00:00:00+00:00,24.164,13.864,18.516085
2023-10-14 00:00:00+00:00,22.714,14.014,18.209833
2023-10-15 00:00:00+00:00,22.064,12.914,17.641085
2023-10-16 00:00:00+00:00,22.714,14.164,17.484835
2023-10-17 00:00:00+00:00,23.314,12.664,17.361917
2023-10-18 00:00:00+00:00,22.614,12.464,16.299414
2023-10-19 00:00:00+00:00,21.664,11.814,16.461916
2023-10-20 00:00:00+00:00,21.714,11.714,16.751501
2023-10-21 00:00:00+00:00,21.914,11.964,16.430666
2023-10-22 00:00:00+00:00,23.564,12.364,17.093168
2023-10-23 00:00:00+00:00,23.614,11.564,17.209837
2023-10-24 00:00:00+00:00,23.314,12.164,17.284836
2023-10-25 00:00:00+00:00,23.064,12.414,17.463999
2023-10-26 00:00:00+00:00,22.164,12.964,17.074415
2023-10-27 00:00:00+00:00,22.314,13.264,17.101501
2023-10-28 00:00:00+00:00,21.314,10.914,16.391087
2023-10-29 00:00:00+00:00,22.964,10.514,17.309834
2023-10-30 00:00:00+00:00,23.714,12.564,17.897331
2023-10-31 00:00:00+00:00,23.564,14.014,17.939001
2023-11-01 00:00:00+00:00,22.914,10.614,17.276503
2023-11-02 00:00:00+00:00,22.564,10.664,17.020254
2023-11-03 00:00:00+00:00,22.464,10.814,15.847333
2023-11-04 00:00:00+00:00,20.614,10.464,15.666085
2023-11-05 00:00:00+00:00,20.514,10.564,15.847336
2023-11-06 00:00:00+00:00,20.064,11.164,15.5077505
2023-11-07 00:00:00+00:00,21.564,11.514,15.909835
2023-11-08 00:00:00+00:00,21.164,12.114,15.909835
2023-11-09 00:00:00+00:00,21.214,8.714,14.853583
2023-11-10 00:00:00+00:00,21.364,8.564,15.3098345
2023-11-11 00:00:00+00:00,20.414,9.014,14.480667
2023-11-12 00:00:00+00:00,21.164,10.464,15.816083
2023-11-13 00:00:00+00:00,22.214,10.514,16.255667
2023-11-14 00:00:00+00:00,21.964,11.064,16.118168
2023-11-15 00:00:00+00:00,21.414,11.064,15.9765005
2023-11-16 00:00:00+00:00,21.914,11.464,15.705668
2023-11-17 00:00:00+00:00,22.014,11.864,16.45775
2023-11-18 00:00:00+00:00,19.214,8.864,14.832751
2023-11-19 00:00:00+00:00,20.664,8.564,14.874416
2023-11-20 00:00:00+00:00,22.214,10.464,15.545249
2023-11-21 00:00:00+00:00,20.564,7.4639997,14.345249
2023-11-22 00:00:00+00:00,20.264,7.414,14.147334
2023-11-23 00:00:00+00:00,20.564,8.314,14.718167
2023-11-24 00:00:00+00:00,20.214,9.414,14.79525
2023-11-25 00:00:00+00:00,19.764,8.6640005,14.209835
2023-11-26 00:00:00+00:00,21.364,8.6640005,15.503583
2023-11-27 00:00:00+00:00,21.764,10.464,15.647332
2023-11-28 00:00:00+00:00,20.014,10.464,15.0265
2023-11-29 00:00:00+00:00,20.814,9.864,14.591083
2023-11-30 00:00:00+00:00,18.114,8.864,13.4515
2023-12-01 00:00:00+00:00,20.714,9.164,14.422334
2023-12-02 00:00:00+00:00,20.264,9.164,14.368167
2023-12-03 00:00:00+00:00,21.164,10.264,14.859836
2023-12-04 00:00:00+00:00,18.664,8.464,13.616085
2023-12-05 00:00:00+00:00,21.614,10.714,15.774418
2023-12-06 00:00:00+00:00,19.864,7.914,13.961917
2023-12-07 00:00:00+00:00,17.514,8.314,13.264001
2023-12-08 00:00:00+00:00,17.514,8.4140005,12.424417
2023-12-09 00:00:00+00:00,17.564,6.664,12.0702505
2023-12-10 00:00:00+00:00,17.564,5.9639997,12.703586
2023-12-11 00:00:00+00:00,17.314,5.314,11.732751
2023-12-12 00:00:00+00:00,17.564,5.314,11.336917
2023-12-13 00:00:00+00:00,15.114,5.864,10.655667
2023-12-14 00:00:00+00:00,17.414,5.664,11.372333
2023-12-15 00:00:00+00:00,16.714,4.814,10.949416
2023-12-16 00:00:00+00:00,17.864,5.514,11.197333
2023-12-17 00:00:00+00:00,17.864,6.4639997,11.761918
2023-12-18 00:00:00+00:00,17.714,3.914,10.778583
2023-12-19 00:00:00+00:00,16.764,4.064,10.7015
2023-12-20 00:00:00+00:00,18.664,6.564,12.503583
2023-12-21 00:00:00+00:00,19.814,9.114,13.370251
2023-12-22 00:00:00+00:00,18.614,7.764,12.859834
2023-12-23 00:00:00+00:00,17.614,8.9140005,12.564
2023-12-24 00:00:00+00:00,18.414,8.064,12.372333
2023-12-25 00:00:00+00:00,17.914,6.9639997,12.134833
2023-12-26 00:00:00+00:00,18.864,6.7139997,12.241084
2023-12-27 00:00:00+00:00,18.364,6.514,12.426499
2023-12-28 00:00:00+00:00,16.714,7.014,11.768167
2023-12-29 00:00:00+00:00,18.614,8.064,12.584834
2023-12-30 00:00:00+00:00,18.464,7.814,12.618168
2023-12-31 00:00:00+00:00,18.264,6.864,12.057751
2024-01-01 00:00:00+00:00,17.214,3.8639998,10.747334
2024-01-02 00:00:00+00:00,17.114,3.414,10.363999
2024-01-03 00:00:00+00:00,16.564001,3.414,10.488999
2024-01-04 00:00:00+00:00,16.814001,6.364,10.916081
2024-01-05 00:00:00+00:00,17.464,6.314,10.7265005
2024-01-06 00:00:00+00:00,16.514,5.814,10.9140005
2024-01-07 00:00:00+00:00,16.864,4.264,10.597333
2024-01-08 00:00:00+00:00,16.564001,4.514,10.9452505
2024-01-09 00:00:00+00:00,17.464,6.814,11.209832
2024-01-10 00:00:00+00:00,18.064,4.864,10.947334
2024-01-11 00:00:00+00:00,16.564001,4.064,9.947333
2024-01-12 00:00:00+00:00,18.264,4.514,11.168166
2024-01-13 00:00:00+00:00,19.914,6.114,12.616082
2024-01-14 00:00:00+00:00,18.964,6.014,12.441083
2024-01-15 00:00:00+00:00,18.414,7.7139997,11.997334
2024-01-16 00:00:00+00:00,15.764,5.614,10.0910845
2024-01-17 00:00:00+00:00,14.614,2.614,8.72025
2024-01-18 00:00:00+00:00,14.714,2.514,8.626499
2024-01-19 00:00:00+00:00,15.164,2.614,8.734834
2024-01-20 00:00:00+00:00,16.414,1.8640001,9.13275
2024-01-21 00:00:00+00:00,15.214,4.914,8.953583
2024-01-22 00:00:00+00:00,16.164,4.864,9.666083
2024-01-23 00:00:00+00:00,16.114,4.414,9.770249
2024-01-24 00:00:00+00:00,14.464,4.564,8.95775
2024-01-25 00:00:00+00:00,14.664,4.364,9.339
2024-01-26 00:00:00+00:00,15.364,5.064,9.086916
2024-01-27 00:00:00+00:00,16.864,3.7140002,9.3202505
2024-01-28 00:00:00+00:00,16.914,3.1139998,9.999417
2024-01-29 00:00:00+00:00,17.064,4.814,10.814
2024-01-30 00:00:00+00:00,14.814,5.614,9.605668
2024-01-31 00:00:00+00:00,16.514,5.664,10.318166
2024-02-01 00:00:00+00:00,15.014,3.514,9.139
2024-02-02 00:00:00+00:00,16.464,5.914,10.024417
2024-02-03 00:00:00+00:00,17.314,4.664,10.770249
2024-02-04 00:00:00+00:00,15.464,4.714,9.401502
2024-02-05 00:00:00+00:00,16.964,3.3639998,10.134834
2024-02-06 00:00:00+00:00,17.864,2.9640002,9.728584
2024-02-07 00:00:00+00:00,18.214,3.3639998,10.522333
2024-02-08 00:00:00+00:00,17.164,3.7140002,10.384833
2024-02-09 00:00:00+00:00,16.764,3.3639998,10.480667
2024-02-10 00:00:00+00:00,19.714,5.764,12.828583
2024-02-11 00:00:00+00:00,20.364,6.7139997,13.118169
2024-02-12 00:00:00+00:00,20.214,8.114,13.997333
2024-02-13 00:00:00+00:00,19.764,8.464,13.655667
2024-02-14 00:00:00+00:00,18.514,7.814,12.174417
2024-02-15 00:00:00+00:00,19.564,8.214,13.322331
2024-02-16 00:00:00+00:00,20.064,8.714,13.749416
2024-02-17 00:00:00+00:00,20.264,8.014,13.639003
2024-02-18 00:00:00+00:00,21.114,7.564,13.764
2024-02-19 00:00:00+00:00,20.014,7.764,14.141086
2024-02-20 00:00:00+00:00,21.064,10.364,14.584835
2024-02-21 00:00:00+00:00,19.214,7.364,12.876503
2024-02-22 00:00:00+00:00,18.014,5.064,11.216084
2024-02-23 00:00:00+00:00,17.664,4.414,11.22025
2024-02-24 00:00:00+00:00,17.464,6.614,11.197334
2024-02-25 00:00:00+00:00,18.714,4.764,11.826499
2024-02-26 00:00:00+00:00,19.514,6.864,13.605664
2024-02-27 00:00:00+00:00,20.864,8.9140005,14.222333
2024-02-28 00:00:00+00:00,21.464,6.914,14.447333
2024-02-29 00:00:00+00:00,22.164,6.314,14.789001
2024-03-01 00:00:00+00:00,22.164,9.064,15.018167
2024-03-02 00:00:00+00:00,22.814,9.014,15.505668
2024-03-03 00:00:00+00:00,17.564,9.564,13.2015
2024-03-04 00:00:00+00:00,20.214,8.714,14.945251
2024-03-05 00:00:00+00:00,21.764,10.514,15.291087
2024-03-06 00:00:00+00:00,23.064,9.764,15.943169
2024-03-07 00:00:00+00:00,21.214,10.564,15.399419
2024-03-08 00:00:00+00:00,21.714,10.364,15.020252
2024-03-09 00:00:00+00:00,22.514,10.214,15.703584
2024-03-10 00:00:00+00:00,23.814,9.664,16.318167
2024-03-11 00:00:00+00:00,23.714,9.314,16.707752
2024-03-12 00:00:00+00:00,24.664,11.164,17.361914
2024-03-13 00:00:00+00:00,24.814,11.664,17.341084
2024-03-14 00:00:00+00:00,24.164,12.314,17.620247
2024-03-15 00:00:00+00:00,25.314,12.064,17.534838
2024-03-16 00:00:00+00:00,25.014,10.914,17.409836
2024-03-17 00:00:00+00:00,25.264,8.314,17.997332
2024-03-18 00:00:00+00:00,26.164,9.714,17.147333
2024-03-19 00:00:00+00:00,25.714,10.114,18.239
2024-03-20 00:00:00+00:00,18.714,10.764,14.359834
2024-03-21 00:00:00+00:00,20.464,10.714,14.697334
2024-03-22 00:00:00+00:00,19.814,10.264,14.957749
2024-03-23 00:00:00+00:00,19.864,11.864,15.447333
2024-03-24 00:00:00+00:00,21.514,10.914,16.02025
2024-03-25 00:00:00+00:00,20.464,11.264,16.201498
2024-03-26 00:00:00+00:00,22.764,12.114,17.188997
2024-03-27 00:00:00+00:00,21.014,13.664,17.04525
2024-03-28 00:00:00+00:00,21.064,13.914,17.157751
2024-03-29 00:00:00+00:00,22.464,13.564,17.697334
2024-03-30 00:00:00+00:00,24.464,13.014,18.814001
2024-03-31 00:00:00+00:00,26.464,12.714,18.597332
2024-04-01 00:00:00+00:00,26.814,13.514,20.218168
2024-04-02 00:00:00+00:00,28.614,13.964,20.953585
2024-04-03 00:00:00+00:00,27.914,14.264,20.561918
2024-04-04 00:00:00+00:00,28.664,14.614,21.793167
2024-04-05 00:00:00+00:00,28.814,14.114,21.670252
2024-04-06 00:00:00+00:00,28.164,14.864,21.247335
2024-04-07 00:00:00+00:00,28.114,12.114,20.416086
2024-04-08 00:00:00+00:00,28.514,12.014,20.478586
2024-04-09 00:00:00+00:00,27.214,13.164,20.716084
2024-04-10 00:00:00+00:00,27.264,15.514,21.416084
2024-04-11 00:00:00+00:00,27.414,14.614,19.941086
2024-04-12 00:00:00+00:00,26.764,14.014,20.561918
2024-04-13 00:00:00+00:00,27.814,15.764,21.526499
2024-04-14 00:00:00+00:00,28.364,16.314001,22.572332
2024-04-15 00:00:00+00:00,29.414,17.764,23.609833
2024-04-16 00:00:00+00:00,29.864,15.514,22.914
2024-04-17 00:00:00+00:00,28.764,15.464,22.838999
2024-04-18 00:00:00+00:00,30.064,16.114,22.811918
2024-04-19 00:00:00+00:00,29.364,15.964,22.968168
2024-04-20 00:00:00+00:00,30.564,17.664,24.143171
2024-04-21 00:00:00+00:00,31.564,17.814,25.032747
2024-04-22 00:00:00+00:00,31.614,18.364,24.518167
2024-04-23 00:00:00+00:00,30.064,17.814,23.370253
2024-04-24 00:00:00+00:00,29.814,17.914,23.364
2024-04-25 00:00:00+00:00,31.214,17.064,24.045252
2024-04-26 00:00:00+00:00,31.914,16.464,24.439001
2024-04-27 00:00:00+00:00,31.514,17.164,24.251503
2024-04-28 00:00:00+00:00,31.064,17.014,24.224417
2024-04-29 00:00:00+00:00,32.564,16.564001,25.032753
2024-04-30 00:00:00+00:00,32.064,17.114,24.691084
2024-05-01 00:00:00+00:00,31.964,15.814,23.370253
2024-05-02 00:00:00+00:00,29.964,15.964,22.914001
2024-05-03 00:00:00+00:00,31.314,17.464,23.795252
2024-05-04 00:00:00+00:00,30.764,16.064001,23.318169
2024-05-05 00:00:00+00:00,29.814,16.014,23.536917
2024-05-06 00:00:00+00:00,30.314,16.964,23.043169
2024-05-07 00:00:00+00:00,24.814,15.964,19.055666
2024-05-08 00:00:00+00:00,22.164,15.014,18.132751
2024-05-09 00:00:00+00:00,25.914,15.114,19.443169
2024-05-10 00:00:00+00:00,25.114,15.764,20.051502
2024-05-11 00:00:00+00:00,24.814,16.364,19.909834
2024-05-12 00:00:00+00:00,23.964,15.314,19.103584
2024-05-13 00:00:00+00:00,26.414,15.414,19.872332
2024-05-14 00:00:00+00:00,26.664,15.814,21.345253
2024-05-15 00:00:00+00:00,27.064,16.864,22.149416
2024-05-16 00:00:00+00:00,28.714,17.214,23.193167
2024-05-17 00:00:00+00:00,29.414,18.814,24.05567
2024-05-18 00:00:00+00:00,29.114,17.914,24.161917
2024-05-19 00:00:00+00:00,28.264,17.864,22.87442
2024-05-20 00:00:00+00:00,27.714,18.864,22.401503
2024-05-21 00:00:00+00:00,29.114,18.514,22.616083
2024-05-22 00:00:00+00:00,27.914,18.564,22.08275
2024-05-23 00:00:00+00:00,28.064,18.364,22.409836
2024-05-24 00:00:00+00:00,29.364,18.864,23.543165
2024-05-25 00:00:00+00:00,29.764,19.214,23.822332
2024-05-26 00:00:00+00:00,28.364,19.164,23.56192
2024-05-27 00:00:00+00:00,29.364,19.514,23.616081
2024-05-28 00:00:00+00:00,25.714,18.064,21.774416
2024-05-29 00:00:00+00:00,28.514,18.264,23.720251
2024-05-30 00:00:00+00:00,31.664,20.164,25.50775
2024-05-31 00:00:00+00:00,30.314,18.914,24.553587
2024-06-01 00:00:00+00:00,27.214,18.714,22.674417
2024-06-02 00:00:00+00:00,28.664,17.864,23.368166
2024-06-03 00:00:00+00:00,27.564,17.764,22.930666
2024-06-04 00:00:00+00:00,27.164,18.614,22.716085
2024-06-05 00:00:00+00:00,27.964,19.014,22.580666
2024-06-06 00:00:00+00:00,28.914,18.714,23.439001
2024-06-07 00:00:00+00:00,25.664,18.664,21.876501
2024-06-08 00:00:00+00:00,27.864,18.864,23.295252
2024-06-09 00:00:00+00:00,29.364,20.514,24.911919
2024-06-10 00:00:00+00:00,30.514,19.164,25.266083
2024-06-11 00:00:00+00:00,29.614,19.464,24.436918
2024-06-12 00:00:00+00:00,30.064,20.064,25.155668
2024-06-13 00:00:00+00:00,29.764,19.964,24.4765
2024-06-14 00:00:00+00:00,,,
2024-06-15 00:00:00+00:00,,,
