date,temperature_2m_mean
2019-12-31 18:15:00+00:00,10.628585
2020-01-01 18:15:00+00:00,10.357751
2020-01-02 18:15:00+00:00,8.072334
2020-01-03 18:15:00+00:00,8.191084
2020-01-04 18:15:00+00:00,7.3160834
2020-01-05 18:15:00+00:00,8.197333
2020-01-06 18:15:00+00:00,8.932751
2020-01-07 18:15:00+00:00,9.0598345
2020-01-08 18:15:00+00:00,8.472333
2020-01-09 18:15:00+00:00,8.618167
2020-01-10 18:15:00+00:00,8.730666
2020-01-11 18:15:00+00:00,10.5806675
2020-01-12 18:15:00+00:00,11.178584
2020-01-13 18:15:00+00:00,11.6015005
2020-01-14 18:15:00+00:00,12.907749
2020-01-15 18:15:00+00:00,11.647332
2020-01-16 18:15:00+00:00,10.049417
2020-01-17 18:15:00+00:00,9.759833
2020-01-18 18:15:00+00:00,8.951501
2020-01-19 18:15:00+00:00,8.566083
2020-01-20 18:15:00+00:00,9.239001
2020-01-21 18:15:00+00:00,10.1327505
2020-01-22 18:15:00+00:00,9.957751
2020-01-23 18:15:00+00:00,9.201499
2020-01-24 18:15:00+00:00,8.899418
2020-01-25 18:15:00+00:00,8.080666
2020-01-26 18:15:00+00:00,9.168167
2020-01-27 18:15:00+00:00,11.172336
2020-01-28 18:15:00+00:00,11.441083
2020-01-29 18:15:00+00:00,10.511916
2020-01-30 18:15:00+00:00,10.086916
2020-01-31 18:15:00+00:00,9.255666
2020-02-01 18:15:00+00:00,8.443167
2020-02-02 18:15:00+00:00,9.2765
2020-02-03 18:15:00+00:00,9.789
2020-02-04 18:15:00+00:00,9.336915
2020-02-05 18:15:00+00:00,9.555667
2020-02-06 18:15:00+00:00,9.859834
2020-02-07 18:15:00+00:00,8.974417
2020-02-08 18:15:00+00:00,8.466083
2020-02-09 18:15:00+00:00,10.041083
2020-02-10 18:15:00+00:00,11.103584
2020-02-11 18:15:00+00:00,11.859833
2020-02-12 18:15:00+00:00,13.072333
2020-02-13 18:15:00+00:00,12.986916
2020-02-14 18:15:00+00:00,13.203584
2020-02-15 18:15:00+00:00,13.9140005
2020-02-16 18:15:00+00:00,13.7765
2020-02-17 18:15:00+00:00,13.753585
2020-02-18 18:15:00+00:00,13.393169
2020-02-19 18:15:00+00:00,13.330666
2020-02-20 18:15:00+00:00,12.324417
2020-02-21 18:15:00+00:00,13.072333
2020-02-22 18:15:00+00:00,12.224418
2020-02-23 18:15:00+00:00,11.993165
2020-02-24 18:15:00+00:00,10.926499
2020-02-25 18:15:00+00:00,10.522334
2020-02-26 18:15:00+00:00,11.405665
2020-02-27 18:15:00+00:00,12.345252
2020-02-28 18:15:00+00:00,13.647334
2020-02-29 18:15:00+00:00,13.90775
2020-03-01 18:15:00+00:00,12.786918
2020-03-02 18:15:00+00:00,13.380666
2020-03-03 18:15:00+00:00,12.847336
2020-03-04 18:15:00+00:00,12.864001
2020-03-05 18:15:00+00:00,12.568166
2020-03-06 18:15:00+00:00,11.676501
2020-03-07 18:15:00+00:00,12.959832
2020-03-08 18:15:00+00:00,14.422333
2020-03-09 18:15:00+00:00,15.068169
2020-03-10 18:15:00+00:00,15.780667
2020-03-11 18:15:00+00:00,16.791084
2020-03-12 18:15:00+00:00,14.228584
2020-03-13 18:15:00+00:00,13.741086
2020-03-14 18:15:00+00:00,13.005669
2020-03-15 18:15:00+00:00,14.443168
2020-03-16 18:15:00+00:00,14.776498
2020-03-17 18:15:00+00:00,15.12025
2020-03-18 18:15:00+00:00,13.949416
2020-03-19 18:15:00+00:00,12.943168
2020-03-20 18:15:00+00:00,13.313998
2020-03-21 18:15:00+00:00,13.418167
2020-03-22 18:15:00+00:00,13.7515
2020-03-23 18:15:00+00:00,15.447334
2020-03-24 18:15:00+00:00,15.568168
2020-03-25 18:15:00+00:00,17.953583
2020-03-26 18:15:00+00:00,19.036917
2020-03-27 18:15:00+00:00,18.9765
2020-03-28 18:15:00+00:00,18.595251
2020-03-29 18:15:00+00:00,18.278582
2020-03-30 18:15:00+00:00,18.828583
2020-03-31 18:15:00+00:00,16.591085
2020-04-01 18:15:00+00:00,17.349417
2020-04-02 18:15:00+00:00,18.116083
2020-04-03 18:15:00+00:00,18.201498
2020-04-04 18:15:00+00:00,17.984835
2020-04-05 18:15:00+00:00,18.436918
2020-04-06 18:15:00+00:00,19.239
2020-04-07 18:15:00+00:00,19.23275
2020-04-08 18:15:00+00:00,18.089
2020-04-09 18:15:00+00:00,19.7265
2020-04-10 18:15:00+00:00,19.091084
2020-04-11 18:15:00+00:00,20.268167
2020-04-12 18:15:00+00:00,19.543165
2020-04-13 18:15:00+00:00,18.691084
2020-04-14 18:15:00+00:00,19.291086
2020-04-15 18:15:00+00:00,17.74525
2020-04-16 18:15:00+00:00,17.720251
2020-04-17 18:15:00+00:00,17.803587
2020-04-18 18:15:00+00:00,18.347336
2020-04-19 18:15:00+00:00,17.951502
2020-04-20 18:15:00+00:00,15.505668
2020-04-21 18:15:00+00:00,14.864001
2020-04-22 18:15:00+00:00,15.539001
2020-04-23 18:15:00+00:00,15.695251
2020-04-24 18:15:00+00:00,16.789001
2020-04-25 18:15:00+00:00,16.749414
2020-04-26 18:15:00+00:00,16.984833
2020-04-27 18:15:00+00:00,16.497332
2020-04-28 18:15:00+00:00,16.911917
2020-04-29 18:15:00+00:00,17.595251
2020-04-30 18:15:00+00:00,17.449415
2020-05-01 18:15:00+00:00,18.378584
2020-05-02 18:15:00+00:00,18.709837
2020-05-03 18:15:00+00:00,18.216082
2020-05-04 18:15:00+00:00,18.253584
2020-05-05 18:15:00+00:00,16.874418
2020-05-06 18:15:00+00:00,16.136919
2020-05-07 18:15:00+00:00,17.805666
2020-05-08 18:15:00+00:00,18.78275
2020-05-09 18:15:00+00:00,18.628584
2020-05-10 18:15:00+00:00,18.9765
2020-05-11 18:15:00+00:00,18.664
2020-05-12 18:15:00+00:00,19.466084
2020-05-13 18:15:00+00:00,19.8265
2020-05-14 18:15:00+00:00,19.953585
2020-05-15 18:15:00+00:00,21.25775
2020-05-16 18:15:00+00:00,21.403585
2020-05-17 18:15:00+00:00,20.578583
2020-05-18 18:15:00+00:00,20.511917
2020-05-19 18:15:00+00:00,20.907751
2020-05-20 18:15:00+00:00,19.732748
2020-05-21 18:15:00+00:00,21.191084
2020-05-22 18:15:00+00:00,20.5765
2020-05-23 18:15:00+00:00,21.259832
2020-05-24 18:15:00+00:00,21.914001
2020-05-25 18:15:00+00:00,20.626501
2020-05-26 18:15:00+00:00,20.464
2020-05-27 18:15:00+00:00,18.924417
2020-05-28 18:15:00+00:00,19.255669
2020-05-29 18:15:00+00:00,19.639002
2020-05-30 18:15:00+00:00,19.691084
2020-05-31 18:15:00+00:00,20.155668
2020-06-01 18:15:00+00:00,21.076502
2020-06-02 18:15:00+00:00,21.382751
2020-06-03 18:15:00+00:00,19.582754
2020-06-04 18:15:00+00:00,18.741085
2020-06-05 18:15:00+00:00,20.076498
2020-06-06 18:15:00+00:00,21.11192
2020-06-07 18:15:00+00:00,21.70775
2020-06-08 18:15:00+00:00,21.939001
2020-06-09 18:15:00+00:00,22.351501
2020-06-10 18:15:00+00:00,22.482748
2020-06-11 18:15:00+00:00,22.582754
2020-06-12 18:15:00+00:00,22.43067
2020-06-13 18:15:00+00:00,22.276503
2020-06-14 18:15:00+00:00,21.807749
2020-06-15 18:15:00+00:00,21.666082
2020-06-16 18:15:00+00:00,22.316084
2020-06-17 18:15:00+00:00,21.9265
2020-06-18 18:15:00+00:00,21.997335
2020-06-19 18:15:00+00:00,22.14525
2020-06-20 18:15:00+00:00,21.9765
2020-06-21 18:15:00+00:00,21.564003
2020-06-22 18:15:00+00:00,22.793167
2020-06-23 18:15:00+00:00,22.955667
2020-06-24 18:15:00+00:00,21.14525
2020-06-25 18:15:00+00:00,22.266085
2020-06-26 18:15:00+00:00,22.355669
2020-06-27 18:15:00+00:00,21.501501
2020-06-28 18:15:00+00:00,22.291084
2020-06-29 18:15:00+00:00,22.086916
2020-06-30 18:15:00+00:00,22.761915
2020-07-01 18:15:00+00:00,23.245253
2020-07-02 18:15:00+00:00,23.2015
2020-07-03 18:15:00+00:00,22.445251
2020-07-04 18:15:00+00:00,22.213999
2020-07-05 18:15:00+00:00,22.759834
2020-07-06 18:15:00+00:00,22.507751
2020-07-07 18:15:00+00:00,23.259832
2020-07-08 18:15:00+00:00,22.630667
2020-07-09 18:15:00+00:00,22.043169
2020-07-10 18:15:00+00:00,22.197336
2020-07-11 18:15:00+00:00,22.463999
2020-07-12 18:15:00+00:00,22.120249
2020-07-13 18:15:00+00:00,22.066084
2020-07-14 18:15:00+00:00,22.693167
2020-07-15 18:15:00+00:00,22.911919
2020-07-16 18:15:00+00:00,22.822334
2020-07-17 18:15:00+00:00,22.445246
2020-07-18 18:15:00+00:00,22.030668
2020-07-19 18:15:00+00:00,21.128584
2020-07-20 18:15:00+00:00,21.066084
2020-07-21 18:15:00+00:00,21.9765
2020-07-22 18:15:00+00:00,21.934835
2020-07-23 18:15:00+00:00,22.25775
2020-07-24 18:15:00+00:00,22.453585
2020-07-25 18:15:00+00:00,22.851501
2020-07-26 18:15:00+00:00,22.784834
2020-07-27 18:15:00+00:00,22.536919
2020-07-28 18:15:00+00:00,22.030668
2020-07-29 18:15:00+00:00,22.174416
2020-07-30 18:15:00+00:00,22.416084
2020-07-31 18:15:00+00:00,22.328583
2020-08-01 18:15:00+00:00,23.476503
2020-08-02 18:15:00+00:00,23.341085
2020-08-03 18:15:00+00:00,24.834833
2020-08-04 18:15:00+00:00,24.082754
2020-08-05 18:15:00+00:00,23.45775
2020-08-06 18:15:00+00:00,23.170252
2020-08-07 18:15:00+00:00,23.466087
2020-08-08 18:15:00+00:00,22.809837
2020-08-09 18:15:00+00:00,22.659836
2020-08-10 18:15:00+00:00,22.90567
2020-08-11 18:15:00+00:00,22.20775
2020-08-12 18:15:00+00:00,22.95775
2020-08-13 18:15:00+00:00,23.180672
2020-08-14 18:15:00+00:00,22.6765
2020-08-15 18:15:00+00:00,23.001503
2020-08-16 18:15:00+00:00,22.932747
2020-08-17 18:15:00+00:00,23.061918
2020-08-18 18:15:00+00:00,22.264
2020-08-19 18:15:00+00:00,22.328585
2020-08-20 18:15:00+00:00,22.297335
2020-08-21 18:15:00+00:00,22.184835
2020-08-22 18:15:00+00:00,22.049417
2020-08-23 18:15:00+00:00,22.705667
2020-08-24 18:15:00+00:00,22.955667
2020-08-25 18:15:00+00:00,22.232752
2020-08-26 18:15:00+00:00,22.418167
2020-08-27 18:15:00+00:00,22.016085
2020-08-28 18:15:00+00:00,22.053583
2020-08-29 18:15:00+00:00,22.159836
2020-08-30 18:15:00+00:00,22.607752
2020-08-31 18:15:00+00:00,23.199415
2020-09-01 18:15:00+00:00,22.657753
2020-09-02 18:15:00+00:00,21.968168
2020-09-03 18:15:00+00:00,22.253584
2020-09-04 18:15:00+00:00,22.334831
2020-09-05 18:15:00+00:00,22.284836
2020-09-06 18:15:00+00:00,22.097334
2020-09-07 18:15:00+00:00,22.064001
2020-09-08 18:15:00+00:00,21.89525
2020-09-09 18:15:00+00:00,22.151497
2020-09-10 18:15:00+00:00,22.134834
2020-09-11 18:15:00+00:00,22.36817
2020-09-12 18:15:00+00:00,22.247335
2020-09-13 18:15:00+00:00,21.526499
2020-09-14 18:15:00+00:00,21.332752
2020-09-15 18:15:00+00:00,21.766085
2020-09-16 18:15:00+00:00,22.032751
2020-09-17 18:15:00+00:00,21.584833
2020-09-18 18:15:00+00:00,21.686922
2020-09-19 18:15:00+00:00,23.439003
2020-09-20 18:15:00+00:00,22.514
2020-09-21 18:15:00+00:00,21.807753
2020-09-22 18:15:00+00:00,21.161919
2020-09-23 18:15:00+00:00,20.591084
2020-09-24 18:15:00+00:00,21.180666
2020-09-25 18:15:00+00:00,20.741083
2020-09-26 18:15:00+00:00,20.89525
2020-09-27 18:15:00+00:00,21.361917
2020-09-28 18:15:00+00:00,21.455667
2020-09-29 18:15:00+00:00,21.276503
2020-09-30 18:15:00+00:00,21.355667
2020-10-01 18:15:00+00:00,21.261919
2020-10-02 18:15:00+00:00,21.416084
2020-10-03 18:15:00+00:00,21.42025
2020-10-04 18:15:00+00:00,21.274416
2020-10-05 18:15:00+00:00,20.86817
2020-10-06 18:15:00+00:00,20.891085
2020-10-07 18:15:00+00:00,21.220251
2020-10-08 18:15:00+00:00,20.920248
2020-10-09 18:15:00+00:00,21.11192
2020-10-10 18:15:00+00:00,21.420252
2020-10-11 18:15:00+00:00,21.091082
2020-10-12 18:15:00+00:00,20.88483
2020-10-13 18:15:00+00:00,20.589
2020-10-14 18:15:00+00:00,20.83275
2020-10-15 18:15:00+00:00,20.743166
2020-10-16 18:15:00+00:00,20.782751
2020-10-17 18:15:00+00:00,20.553587
2020-10-18 18:15:00+00:00,19.622334
2020-10-19 18:15:00+00:00,19.193169
2020-10-20 18:15:00+00:00,19.405666
2020-10-21 18:15:00+00:00,19.049417
2020-10-22 18:15:00+00:00,18.874416
2020-10-23 18:15:00+00:00,18.943167
2020-10-24 18:15:00+00:00,19.016085
2020-10-25 18:15:00+00:00,18.520248
2020-10-26 18:15:00+00:00,18.249416
2020-10-27 18:15:00+00:00,18.197336
2020-10-28 18:15:00+00:00,18.709833
2020-10-29 18:15:00+00:00,19.918165
2020-10-30 18:15:00+00:00,20.589003
2020-10-31 18:15:00+00:00,20.214
2020-11-01 18:15:00+00:00,19.053583
2020-11-02 18:15:00+00:00,17.791084
2020-11-03 18:15:00+00:00,16.693167
2020-11-04 18:15:00+00:00,15.732751
2020-11-05 18:15:00+00:00,15.0285845
2020-11-06 18:15:00+00:00,14.920251
2020-11-07 18:15:00+00:00,15.864001
2020-11-08 18:15:00+00:00,16.441084
2020-11-09 18:15:00+00:00,17.093168
2020-11-10 18:15:00+00:00,17.114
2020-11-11 18:15:00+00:00,16.795252
2020-11-12 18:15:00+00:00,16.761919
2020-11-13 18:15:00+00:00,16.343166
2020-11-14 18:15:00+00:00,16.472336
2020-11-15 18:15:00+00:00,14.257752
2020-11-16 18:15:00+00:00,14.549417
2020-11-17 18:15:00+00:00,14.541083
2020-11-18 18:15:00+00:00,14.145251
2020-11-19 18:15:00+00:00,14.409833
2020-11-20 18:15:00+00:00,12.561916
2020-11-21 18:15:00+00:00,11.832748
2020-11-22 18:15:00+00:00,12.259833
2020-11-23 18:15:00+00:00,12.603583
2020-11-24 18:15:00+00:00,13.697333
2020-11-25 18:15:00+00:00,13.793168
2020-11-26 18:15:00+00:00,13.903583
2020-11-27 18:15:00+00:00,13.99525
2020-11-28 18:15:00+00:00,14.605668
2020-11-29 18:15:00+00:00,14.409835
2020-11-30 18:15:00+00:00,13.978584
2020-12-01 18:15:00+00:00,13.97025
2020-12-02 18:15:00+00:00,12.876502
2020-12-03 18:15:00+00:00,12.53275
2020-12-04 18:15:00+00:00,12.028584
2020-12-05 18:15:00+00:00,11.866084
2020-12-06 18:15:00+00:00,12.553584
2020-12-07 18:15:00+00:00,13.7577505
2020-12-08 18:15:00+00:00,14.118167
2020-12-09 18:15:00+00:00,13.938999
2020-12-10 18:15:00+00:00,13.128583
2020-12-11 18:15:00+00:00,14.345249
2020-12-12 18:15:00+00:00,13.047333
2020-12-13 18:15:00+00:00,11.834835
2020-12-14 18:15:00+00:00,11.795251
2020-12-15 18:15:00+00:00,11.605667
2020-12-16 18:15:00+00:00,10.73275
2020-12-17 18:15:00+00:00,10.207751
2020-12-18 18:15:00+00:00,10.255666
2020-12-19 18:15:00+00:00,10.653583
2020-12-20 18:15:00+00:00,11.880668
2020-12-21 18:15:00+00:00,11.85775
2020-12-22 18:15:00+00:00,11.534835
2020-12-23 18:15:00+00:00,11.493165
2020-12-24 18:15:00+00:00,11.328583
2020-12-25 18:15:00+00:00,11.04525
2020-12-26 18:15:00+00:00,10.749415
2020-12-27 18:15:00+00:00,10.661918
2020-12-28 18:15:00+00:00,10.874416
2020-12-29 18:15:00+00:00,9.986917
2020-12-30 18:15:00+00:00,11.389
2020-12-31 18:15:00+00:00,11.293167
2021-01-01 18:15:00+00:00,12.091083
2021-01-02 18:15:00+00:00,14.041084
2021-01-03 18:15:00+00:00,16.074419
2021-01-04 18:15:00+00:00,15.593169
2021-01-05 18:15:00+00:00,16.155668
2021-01-06 18:15:00+00:00,15.374417
2021-01-07 18:15:00+00:00,14.259834
2021-01-08 18:15:00+00:00,14.143167
2021-01-09 18:15:00+00:00,14.945251
2021-01-10 18:15:00+00:00,13.528583
2021-01-11 18:15:00+00:00,11.926499
2021-01-12 18:15:00+00:00,11.005666
2021-01-13 18:15:00+00:00,11.059833
2021-01-14 18:15:00+00:00,11.40775
2021-01-15 18:15:00+00:00,11.361917
2021-01-16 18:15:00+00:00,12.122333
2021-01-17 18:15:00+00:00,12.486917
2021-01-18 18:15:00+00:00,12.089
2021-01-19 18:15:00+00:00,10.8202505
2021-01-20 18:15:00+00:00,10.630668
2021-01-21 18:15:00+00:00,10.907749
2021-01-22 18:15:00+00:00,11.480667
2021-01-23 18:15:00+00:00,10.993167
2021-01-24 18:15:00+00:00,10.484834
2021-01-25 18:15:00+00:00,9.991084
2021-01-26 18:15:00+00:00,10.451502
2021-01-27 18:15:00+00:00,10.278584
2021-01-28 18:15:00+00:00,10.0765
2021-01-29 18:15:00+00:00,9.061917
2021-01-30 18:15:00+00:00,9.09525
2021-01-31 18:15:00+00:00,10.23275
2021-02-01 18:15:00+00:00,11.403583
2021-02-02 18:15:00+00:00,12.053584
2021-02-03 18:15:00+00:00,12.741084
2021-02-04 18:15:00+00:00,11.455666
2021-02-05 18:15:00+00:00,8.70775
2021-02-06 18:15:00+00:00,9.968167
2021-02-07 18:15:00+00:00,12.166083
2021-02-08 18:15:00+00:00,13.949416
2021-02-09 18:15:00+00:00,12.930668
2021-02-10 18:15:00+00:00,13.15775
2021-02-11 18:15:00+00:00,12.84525
2021-02-12 18:15:00+00:00,13.447331
2021-02-13 18:15:00+00:00,13.616085
2021-02-14 18:15:00+00:00,12.555667
2021-02-15 18:15:00+00:00,12.584832
2021-02-16 18:15:00+00:00,12.9140005
2021-02-17 18:15:00+00:00,11.693168
2021-02-18 18:15:00+00:00,12.55775
2021-02-19 18:15:00+00:00,13.651501
2021-02-20 18:15:00+00:00,15.197333
2021-02-21 18:15:00+00:00,15.445251
2021-02-22 18:15:00+00:00,15.832749
2021-02-23 18:15:00+00:00,15.978585
2021-02-24 18:15:00+00:00,16.04108
2021-02-25 18:15:00+00:00,16.045252
2021-02-26 18:15:00+00:00,16.164
2021-02-27 18:15:00+00:00,16.618168
2021-02-28 18:15:00+00:00,16.6015
2021-03-01 18:15:00+00:00,15.397335
2021-03-02 18:15:00+00:00,15.276502
2021-03-03 18:15:00+00:00,15.468169
2021-03-04 18:15:00+00:00,15.143168
2021-03-05 18:15:00+00:00,14.988999
2021-03-06 18:15:00+00:00,14.2890005
2021-03-07 18:15:00+00:00,15.264
2021-03-08 18:15:00+00:00,16.861917
2021-03-09 18:15:00+00:00,16.313997
2021-03-10 18:15:00+00:00,16.70358
2021-03-11 18:15:00+00:00,18.007751
2021-03-12 18:15:00+00:00,15.503586
2021-03-13 18:15:00+00:00,15.945249
2021-03-14 18:15:00+00:00,17.186914
2021-03-15 18:15:00+00:00,17.411917
2021-03-16 18:15:00+00:00,17.818167
2021-03-17 18:15:00+00:00,18.420252
2021-03-18 18:15:00+00:00,19.386917
2021-03-19 18:15:00+00:00,18.909834
2021-03-20 18:15:00+00:00,18.697332
2021-03-21 18:15:00+00:00,19.872332
2021-03-22 18:15:00+00:00,21.243168
2021-03-23 18:15:00+00:00,20.064001
2021-03-24 18:15:00+00:00,19.136915
2021-03-25 18:15:00+00:00,19.593168
2021-03-26 18:15:00+00:00,19.816082
2021-03-27 18:15:00+00:00,19.391083
2021-03-28 18:15:00+00:00,19.380667
2021-03-29 18:15:00+00:00,18.639
2021-03-30 18:15:00+00:00,16.668167
2021-03-31 18:15:00+00:00,16.905666
2021-04-01 18:15:00+00:00,17.07025
2021-04-02 18:15:00+00:00,17.784834
2021-04-03 18:15:00+00:00,18.73275
2021-04-04 18:15:00+00:00,19.3265
2021-04-05 18:15:00+00:00,19.499416
2021-04-06 18:15:00+00:00,20.05567
2021-04-07 18:15:00+00:00,20.71192
2021-04-08 18:15:00+00:00,21.011917
2021-04-09 18:15:00+00:00,20.972336
2021-04-10 18:15:00+00:00,21.530664
2021-04-11 18:15:00+00:00,21.859835
2021-04-12 18:15:00+00:00,21.655668
2021-04-13 18:15:00+00:00,21.872335
2021-04-14 18:15:00+00:00,21.230669
2021-04-15 18:15:00+00:00,19.820251
2021-04-16 18:15:00+00:00,18.478586
2021-04-17 18:15:00+00:00,18.74525
2021-04-18 18:15:00+00:00,19.195251
2021-04-19 18:15:00+00:00,21.164003
2021-04-20 18:15:00+00:00,19.58275
2021-04-21 18:15:00+00:00,18.043165
2021-04-22 18:15:00+00:00,20.593166
2021-04-23 18:15:00+00:00,21.178583
2021-04-24 18:15:00+00:00,22.459833
2021-04-25 18:15:00+00:00,22.555666
2021-04-26 18:15:00+00:00,23.049417
2021-04-27 18:15:00+00:00,22.599417
2021-04-28 18:15:00+00:00,21.326502
2021-04-29 18:15:00+00:00,19.380667
2021-04-30 18:15:00+00:00,19.170252
2021-05-01 18:15:00+00:00,18.607748
2021-05-02 18:15:00+00:00,18.447332
2021-05-03 18:15:00+00:00,17.859835
2021-05-04 18:15:00+00:00,16.809835
2021-05-05 18:15:00+00:00,17.65775
2021-05-06 18:15:00+00:00,17.897335
2021-05-07 18:15:00+00:00,18.407751
2021-05-08 18:15:00+00:00,18.2015
2021-05-09 18:15:00+00:00,18.251501
2021-05-10 18:15:00+00:00,17.928583
2021-05-11 18:15:00+00:00,17.572334
2021-05-12 18:15:00+00:00,17.272333
2021-05-13 18:15:00+00:00,17.680666
2021-05-14 18:15:00+00:00,20.170248
2021-05-15 18:15:00+00:00,22.020248
2021-05-16 18:15:00+00:00,22.680666
2021-05-17 18:15:00+00:00,21.059835
2021-05-18 18:15:00+00:00,19.343166
2021-05-19 18:15:00+00:00,18.886917
2021-05-20 18:15:00+00:00,20.903584
2021-05-21 18:15:00+00:00,21.768167
2021-05-22 18:15:00+00:00,22.286919
2021-05-23 18:15:00+00:00,22.338999
2021-05-24 18:15:00+00:00,21.445251
2021-05-25 18:15:00+00:00,20.3515
2021-05-26 18:15:00+00:00,19.897333
2021-05-27 18:15:00+00:00,19.618168
2021-05-28 18:15:00+00:00,21.393167
2021-05-29 18:15:00+00:00,21.643167
2021-05-30 18:15:00+00:00,21.591082
2021-05-31 18:15:00+00:00,21.684835
2021-06-01 18:15:00+00:00,21.786917
2021-06-02 18:15:00+00:00,21.801504
2021-06-03 18:15:00+00:00,21.85775
2021-06-04 18:15:00+00:00,22.549417
2021-06-05 18:15:00+00:00,22.457748
2021-06-06 18:15:00+00:00,23.168167
2021-06-07 18:15:00+00:00,22.603584
2021-06-08 18:15:00+00:00,22.595247
2021-06-09 18:15:00+00:00,22.028585
2021-06-10 18:15:00+00:00,21.943169
2021-06-11 18:15:00+00:00,21.064001
2021-06-12 18:15:00+00:00,21.524416
2021-06-13 18:15:00+00:00,21.855665
2021-06-14 18:15:00+00:00,21.297335
2021-06-15 18:15:00+00:00,20.939001
2021-06-16 18:15:00+00:00,21.430666
2021-06-17 18:15:00+00:00,22.018167
2021-06-18 18:15:00+00:00,21.459833
2021-06-19 18:15:00+00:00,21.145248
2021-06-20 18:15:00+00:00,22.574417
2021-06-21 18:15:00+00:00,22.526499
2021-06-22 18:15:00+00:00,22.432753
2021-06-23 18:15:00+00:00,21.9765
2021-06-24 18:15:00+00:00,21.991087
2021-06-25 18:15:00+00:00,21.786919
2021-06-26 18:15:00+00:00,22.282751
2021-06-27 18:15:00+00:00,22.343164
2021-06-28 18:15:00+00:00,22.776499
2021-06-29 18:15:00+00:00,22.368166
2021-06-30 18:15:00+00:00,21.968168
2021-07-01 18:15:00+00:00,20.603584
2021-07-02 18:15:00+00:00,21.803583
2021-07-03 18:15:00+00:00,21.997335
2021-07-04 18:15:00+00:00,22.349419
2021-07-05 18:15:00+00:00,23.039
2021-07-06 18:15:00+00:00,23.161917
2021-07-07 18:15:00+00:00,22.549417
2021-07-08 18:15:00+00:00,22.641085
2021-07-09 18:15:00+00:00,22.774422
2021-07-10 18:15:00+00:00,22.018167
2021-07-11 18:15:00+00:00,22.68692
2021-07-12 18:15:00+00:00,22.814001
2021-07-13 18:15:00+00:00,22.732748
2021-07-14 18:15:00+00:00,21.882751
2021-07-15 18:15:00+00:00,22.155668
2021-07-16 18:15:00+00:00,22.251501
2021-07-17 18:15:00+00:00,22.174416
2021-07-18 18:15:00+00:00,22.401503
2021-07-19 18:15:00+00:00,22.282753
2021-07-20 18:15:00+00:00,22.530664
2021-07-21 18:15:00+00:00,23.114
2021-07-22 18:15:00+00:00,22.899416
2021-07-23 18:15:00+00:00,23.122332
2021-07-24 18:15:00+00:00,23.228582
2021-07-25 18:15:00+00:00,22.532753
2021-07-26 18:15:00+00:00,22.855669
2021-07-27 18:15:00+00:00,22.911919
2021-07-28 18:15:00+00:00,22.972336
2021-07-29 18:15:00+00:00,22.722336
2021-07-30 18:15:00+00:00,22.989
2021-07-31 18:15:00+00:00,23.216087
2021-08-01 18:15:00+00:00,22.703585
2021-08-02 18:15:00+00:00,22.874418
2021-08-03 18:15:00+00:00,22.826502
2021-08-04 18:15:00+00:00,22.49317
2021-08-05 18:15:00+00:00,23.053583
2021-08-06 18:15:00+00:00,22.995255
2021-08-07 18:15:00+00:00,22.428587
2021-08-08 18:15:00+00:00,22.751501
2021-08-09 18:15:00+00:00,22.953583
2021-08-10 18:15:00+00:00,22.920248
2021-08-11 18:15:00+00:00,23.309835
2021-08-12 18:15:00+00:00,22.682753
2021-08-13 18:15:00+00:00,21.966082
2021-08-14 18:15:00+00:00,21.734833
2021-08-15 18:15:00+00:00,22.768166
2021-08-16 18:15:00+00:00,22.489
2021-08-17 18:15:00+00:00,22.599419
2021-08-18 18:15:00+00:00,22.726501
2021-08-19 18:15:00+00:00,22.749418
2021-08-20 18:15:00+00:00,22.199417
2021-08-21 18:15:00+00:00,21.624418
2021-08-22 18:15:00+00:00,21.345251
2021-08-23 18:15:00+00:00,21.713999
2021-08-24 18:15:00+00:00,21.691084
2021-08-25 18:15:00+00:00,22.624414
2021-08-26 18:15:00+00:00,21.868166
2021-08-27 18:15:00+00:00,21.095251
2021-08-28 18:15:00+00:00,21.0515
2021-08-29 18:15:00+00:00,21.176502
2021-08-30 18:15:00+00:00,21.672335
2021-08-31 18:15:00+00:00,21.95775
2021-09-01 18:15:00+00:00,21.626503
2021-09-02 18:15:00+00:00,21.33275
2021-09-03 18:15:00+00:00,22.411919
2021-09-04 18:15:00+00:00,22.564001
2021-09-05 18:15:00+00:00,22.272331
2021-09-06 18:15:00+00:00,22.003584
2021-09-07 18:15:00+00:00,21.77442
2021-09-08 18:15:00+00:00,21.136919
2021-09-09 18:15:00+00:00,21.447332
2021-09-10 18:15:00+00:00,21.834833
2021-09-11 18:15:00+00:00,22.02025
2021-09-12 18:15:00+00:00,22.178583
2021-09-13 18:15:00+00:00,22.355667
2021-09-14 18:15:00+00:00,21.274418
2021-09-15 18:15:00+00:00,20.999416
2021-09-16 18:15:00+00:00,20.84942
2021-09-17 18:15:00+00:00,21.641083
2021-09-18 18:15:00+00:00,22.29525
2021-09-19 18:15:00+00:00,21.88275
2021-09-20 18:15:00+00:00,21.672335
2021-09-21 18:15:00+00:00,20.882748
2021-09-22 18:15:00+00:00,21.061918
2021-09-23 18:15:00+00:00,21.370249
2021-09-24 18:15:00+00:00,21.268171
2021-09-25 18:15:00+00:00,21.4765
2021-09-26 18:15:00+00:00,21.27442
2021-09-27 18:15:00+00:00,20.728582
2021-09-28 18:15:00+00:00,20.553583
2021-09-29 18:15:00+00:00,20.81192
2021-09-30 18:15:00+00:00,20.811916
2021-10-01 18:15:00+00:00,20.547335
2021-10-02 18:15:00+00:00,21.176502
2021-10-03 18:15:00+00:00,20.809834
2021-10-04 18:15:00+00:00,20.816084
2021-10-05 18:15:00+00:00,20.680666
2021-10-06 18:15:00+00:00,20.58275
2021-10-07 18:15:00+00:00,20.826502
2021-10-08 18:15:00+00:00,20.647335
2021-10-09 18:15:00+00:00,20.5265
2021-10-10 18:15:00+00:00,21.141085
2021-10-11 18:15:00+00:00,21.841085
2021-10-12 18:15:00+00:00,22.428583
2021-10-13 18:15:00+00:00,22.697336
2021-10-14 18:15:00+00:00,22.784836
2021-10-15 18:15:00+00:00,22.078588
2021-10-16 18:15:00+00:00,21.276499
2021-10-17 18:15:00+00:00,19.743168
2021-10-18 18:15:00+00:00,19.445251
2021-10-19 18:15:00+00:00,19.05775
2021-10-20 18:15:00+00:00,18.83067
2021-10-21 18:15:00+00:00,18.588999
2021-10-22 18:15:00+00:00,17.657751
2021-10-23 18:15:00+00:00,17.105669
2021-10-24 18:15:00+00:00,16.849419
2021-10-25 18:15:00+00:00,16.532751
2021-10-26 18:15:00+00:00,16.547333
2021-10-27 18:15:00+00:00,16.318169
2021-10-28 18:15:00+00:00,16.784834
2021-10-29 18:15:00+00:00,16.134834
2021-10-30 18:15:00+00:00,15.734833
2021-10-31 18:15:00+00:00,15.309834
2021-11-01 18:15:00+00:00,14.572333
2021-11-02 18:15:00+00:00,14.668168
2021-11-03 18:15:00+00:00,14.7473345
2021-11-04 18:15:00+00:00,13.855667
2021-11-05 18:15:00+00:00,13.574417
2021-11-06 18:15:00+00:00,14.030667
2021-11-07 18:15:00+00:00,14.37025
2021-11-08 18:15:00+00:00,15.4348345
2021-11-09 18:15:00+00:00,15.109834
2021-11-10 18:15:00+00:00,14.870251
2021-11-11 18:15:00+00:00,14.793167
2021-11-12 18:15:00+00:00,14.057752
2021-11-13 18:15:00+00:00,14.0077505
2021-11-14 18:15:00+00:00,13.524418
2021-11-15 18:15:00+00:00,13.1640005
2021-11-16 18:15:00+00:00,13.5077505
2021-11-17 18:15:00+00:00,14.951497
2021-11-18 18:15:00+00:00,15.378585
2021-11-19 18:15:00+00:00,14.011917
2021-11-20 18:15:00+00:00,15.403584
2021-11-21 18:15:00+00:00,13.597335
2021-11-22 18:15:00+00:00,13.143167
2021-11-23 18:15:00+00:00,12.903584
2021-11-24 18:15:00+00:00,12.932751
2021-11-25 18:15:00+00:00,12.072333
2021-11-26 18:15:00+00:00,12.901501
2021-11-27 18:15:00+00:00,13.139001
2021-11-28 18:15:00+00:00,12.793166
2021-11-29 18:15:00+00:00,13.130668
2021-11-30 18:15:00+00:00,13.676502
2021-12-01 18:15:00+00:00,14.47025
2021-12-02 18:15:00+00:00,14.339002
2021-12-03 18:15:00+00:00,14.911915
2021-12-04 18:15:00+00:00,14.359833
2021-12-05 18:15:00+00:00,13.078583
2021-12-06 18:15:00+00:00,13.909832
2021-12-07 18:15:00+00:00,13.166081
2021-12-08 18:15:00+00:00,12.091083
2021-12-09 18:15:00+00:00,12.005668
2021-12-10 18:15:00+00:00,11.6515
2021-12-11 18:15:00+00:00,11.161919
2021-12-12 18:15:00+00:00,11.189
2021-12-13 18:15:00+00:00,11.226501
2021-12-14 18:15:00+00:00,10.839001
2021-12-15 18:15:00+00:00,9.903584
2021-12-16 18:15:00+00:00,11.178584
2021-12-17 18:15:00+00:00,10.703583
2021-12-18 18:15:00+00:00,8.805667
2021-12-19 18:15:00+00:00,9.678582
2021-12-20 18:15:00+00:00,9.80775
2021-12-21 18:15:00+00:00,10.297333
2021-12-22 18:15:00+00:00,9.580667
2021-12-23 18:15:00+00:00,9.589
2021-12-24 18:15:00+00:00,8.534833
2021-12-25 18:15:00+00:00,8.616085
2021-12-26 18:15:00+00:00,9.014001
2021-12-27 18:15:00+00:00,9.147333
2021-12-28 18:15:00+00:00,8.593167
2021-12-29 18:15:00+00:00,8.599416
2021-12-30 18:15:00+00:00,8.774416
2021-12-31 18:15:00+00:00,9.953582
2022-01-01 18:15:00+00:00,9.8202505
2022-01-02 18:15:00+00:00,10.54525
2022-01-03 18:15:00+00:00,11.014
2022-01-04 18:15:00+00:00,10.743168
2022-01-05 18:15:00+00:00,11.924416
2022-01-06 18:15:00+00:00,12.505666
2022-01-07 18:15:00+00:00,12.395249
2022-01-08 18:15:00+00:00,12.591083
2022-01-09 18:15:00+00:00,11.401501
2022-01-10 18:15:00+00:00,11.236916
2022-01-11 18:15:00+00:00,9.761916
2022-01-12 18:15:00+00:00,8.524417
2022-01-13 18:15:00+00:00,8.976499
2022-01-14 18:15:00+00:00,8.736917
2022-01-15 18:15:00+00:00,8.866084
2022-01-16 18:15:00+00:00,10.972333
2022-01-17 18:15:00+00:00,11.064
2022-01-18 18:15:00+00:00,10.709834
2022-01-19 18:15:00+00:00,9.249415
2022-01-20 18:15:00+00:00,8.107751
2022-01-21 18:15:00+00:00,8.1515
2022-01-22 18:15:00+00:00,9.349418
2022-01-23 18:15:00+00:00,7.580667
2022-01-24 18:15:00+00:00,8.189
2022-01-25 18:15:00+00:00,7.7098327
2022-01-26 18:15:00+00:00,6.9619164
2022-01-27 18:15:00+00:00,6.9827495
2022-01-28 18:15:00+00:00,8.324418
2022-01-29 18:15:00+00:00,9.020249
2022-01-30 18:15:00+00:00,9.639
2022-01-31 18:15:00+00:00,8.230666
2022-02-01 18:15:00+00:00,7.9889984
2022-02-02 18:15:00+00:00,9.249416
2022-02-03 18:15:00+00:00,7.734834
2022-02-04 18:15:00+00:00,6.464
2022-02-05 18:15:00+00:00,7.353583
2022-02-06 18:15:00+00:00,8.770249
2022-02-07 18:15:00+00:00,9.868167
2022-02-08 18:15:00+00:00,8.832749
2022-02-09 18:15:00+00:00,9.780667
2022-02-10 18:15:00+00:00,9.136916
2022-02-11 18:15:00+00:00,9.1515
2022-02-12 18:15:00+00:00,9.589
2022-02-13 18:15:00+00:00,10.591084
2022-02-14 18:15:00+00:00,11.105667
2022-02-15 18:15:00+00:00,11.178582
2022-02-16 18:15:00+00:00,11.224416
2022-02-17 18:15:00+00:00,11.618167
2022-02-18 18:15:00+00:00,10.114
2022-02-19 18:15:00+00:00,8.7160845
2022-02-20 18:15:00+00:00,8.584834
2022-02-21 18:15:00+00:00,9.514001
2022-02-22 18:15:00+00:00,11.343167
2022-02-23 18:15:00+00:00,13.499415
2022-02-24 18:15:00+00:00,10.78275
2022-02-25 18:15:00+00:00,11.849416
2022-02-26 18:15:00+00:00,13.186916
2022-02-27 18:15:00+00:00,13.570249
2022-02-28 18:15:00+00:00,13.438999
2022-03-01 18:15:00+00:00,13.714001
2022-03-02 18:15:00+00:00,14.222335
2022-03-03 18:15:00+00:00,13.897335
2022-03-04 18:15:00+00:00,14.584832
2022-03-05 18:15:00+00:00,15.303584
2022-03-06 18:15:00+00:00,17.134834
2022-03-07 18:15:00+00:00,17.9015
2022-03-08 18:15:00+00:00,17.918169
2022-03-09 18:15:00+00:00,16.88275
2022-03-10 18:15:00+00:00,16.668165
2022-03-11 18:15:00+00:00,17.399416
2022-03-12 18:15:00+00:00,18.52025
2022-03-13 18:15:00+00:00,19.451502
2022-03-14 18:15:00+00:00,20.20775
2022-03-15 18:15:00+00:00,19.026499
2022-03-16 18:15:00+00:00,19.836916
2022-03-17 18:15:00+00:00,20.947334
2022-03-18 18:15:00+00:00,21.703583
2022-03-19 18:15:00+00:00,21.418167
2022-03-20 18:15:00+00:00,20.27025
2022-03-21 18:15:00+00:00,19.588999
2022-03-22 18:15:00+00:00,17.943167
2022-03-23 18:15:00+00:00,16.947332
2022-03-24 18:15:00+00:00,18.786917
2022-03-25 18:15:00+00:00,19.603584
2022-03-26 18:15:00+00:00,19.547335
2022-03-27 18:15:00+00:00,18.924416
2022-03-28 18:15:00+00:00,19.280666
2022-03-29 18:15:00+00:00,18.420254
2022-03-30 18:15:00+00:00,17.816086
2022-03-31 18:15:00+00:00,19.361917
2022-04-01 18:15:00+00:00,18.918169
2022-04-02 18:15:00+00:00,18.980669
2022-04-03 18:15:00+00:00,20.457752
2022-04-04 18:15:00+00:00,20.566084
2022-04-05 18:15:00+00:00,20.807753
2022-04-06 18:15:00+00:00,19.32025
2022-04-07 18:15:00+00:00,19.024416
2022-04-08 18:15:00+00:00,18.897333
2022-04-09 18:15:00+00:00,18.509832
2022-04-10 18:15:00+00:00,19.991087
2022-04-11 18:15:00+00:00,19.259834
2022-04-12 18:15:00+00:00,19.797333
2022-04-13 18:15:00+00:00,21.066082
2022-04-14 18:15:00+00:00,21.29525
2022-04-15 18:15:00+00:00,21.1765
2022-04-16 18:15:00+00:00,21.801498
2022-04-17 18:15:00+00:00,22.414
2022-04-18 18:15:00+00:00,20.778585
2022-04-19 18:15:00+00:00,19.091084
2022-04-20 18:15:00+00:00,19.534834
2022-04-21 18:15:00+00:00,19.216084
2022-04-22 18:15:00+00:00,20.772333
2022-04-23 18:15:00+00:00,21.789003
2022-04-24 18:15:00+00:00,21.830667
2022-04-25 18:15:00+00:00,21.526499
2022-04-26 18:15:00+00:00,22.399416
2022-04-27 18:15:00+00:00,21.922335
2022-04-28 18:15:00+00:00,20.8515
2022-04-29 18:15:00+00:00,18.864
2022-04-30 18:15:00+00:00,18.295252
2022-05-01 18:15:00+00:00,18.928585
2022-05-02 18:15:00+00:00,19.7265
2022-05-03 18:15:00+00:00,18.818169
2022-05-04 18:15:00+00:00,18.55567
2022-05-05 18:15:00+00:00,18.953585
2022-05-06 18:15:00+00:00,19.072334
2022-05-07 18:15:00+00:00,19.584833
2022-05-08 18:15:00+00:00,20.166082
2022-05-09 18:15:00+00:00,20.69525
2022-05-10 18:15:00+00:00,20.782751
2022-05-11 18:15:00+00:00,21.466082
2022-05-12 18:15:00+00:00,20.847334
2022-05-13 18:15:00+00:00,21.499418
2022-05-14 18:15:00+00:00,20.984835
2022-05-15 18:15:00+00:00,21.364
2022-05-16 18:15:00+00:00,22.122332
2022-05-17 18:15:00+00:00,21.75775
2022-05-18 18:15:00+00:00,21.434835
2022-05-19 18:15:00+00:00,20.272335
2022-05-20 18:15:00+00:00,20.074419
2022-05-21 18:15:00+00:00,19.484835
2022-05-22 18:15:00+00:00,19.086916
2022-05-23 18:15:00+00:00,19.939001
2022-05-24 18:15:00+00:00,18.880667
2022-05-25 18:15:00+00:00,19.001501
2022-05-26 18:15:00+00:00,20.093168
2022-05-27 18:15:00+00:00,20.057749
2022-05-28 18:15:00+00:00,20.386919
2022-05-29 18:15:00+00:00,20.782751
2022-05-30 18:15:00+00:00,20.934834
2022-05-31 18:15:00+00:00,21.109835
2022-06-01 18:15:00+00:00,21.349417
2022-06-02 18:15:00+00:00,21.766083
2022-06-03 18:15:00+00:00,22.12858
2022-06-04 18:15:00+00:00,21.626501
2022-06-05 18:15:00+00:00,21.841085
2022-06-06 18:15:00+00:00,21.880667
2022-06-07 18:15:00+00:00,21.680666
2022-06-08 18:15:00+00:00,21.720253
2022-06-09 18:15:00+00:00,22.357752
2022-06-10 18:15:00+00:00,22.318167
2022-06-11 18:15:00+00:00,22.022337
2022-06-12 18:15:00+00:00,21.936918
2022-06-13 18:15:00+00:00,22.243166
2022-06-14 18:15:00+00:00,21.77025
2022-06-15 18:15:00+00:00,21.859833
2022-06-16 18:15:00+00:00,21.63275
2022-06-17 18:15:00+00:00,21.593164
2022-06-18 18:15:00+00:00,21.782747
2022-06-19 18:15:00+00:00,21.789001
2022-06-20 18:15:00+00:00,21.678583
2022-06-21 18:15:00+00:00,22.159834
2022-06-22 18:15:00+00:00,22.349417
2022-06-23 18:15:00+00:00,22.616083
2022-06-24 18:15:00+00:00,22.220251
2022-06-25 18:15:00+00:00,22.405664
2022-06-26 18:15:00+00:00,22.251501
2022-06-27 18:15:00+00:00,22.349419
2022-06-28 18:15:00+00:00,21.141088
2022-06-29 18:15:00+00:00,22.003584
2022-06-30 18:15:00+00:00,22.6015
2022-07-01 18:15:00+00:00,22.370249
2022-07-02 18:15:00+00:00,22.580667
2022-07-03 18:15:00+00:00,23.380669
2022-07-04 18:15:00+00:00,23.420252
2022-07-05 18:15:00+00:00,23.48275
2022-07-06 18:15:00+00:00,23.77025
2022-07-07 18:15:00+00:00,23.293167
2022-07-08 18:15:00+00:00,22.580666
2022-07-09 18:15:00+00:00,22.853586
2022-07-10 18:15:00+00:00,22.953585
2022-07-11 18:15:00+00:00,22.693163
2022-07-12 18:15:00+00:00,23.253586
2022-07-13 18:15:00+00:00,23.101501
2022-07-14 18:15:00+00:00,23.664001
2022-07-15 18:15:00+00:00,23.384832
2022-07-16 18:15:00+00:00,23.484833
2022-07-17 18:15:00+00:00,23.116083
2022-07-18 18:15:00+00:00,22.8265
2022-07-19 18:15:00+00:00,22.514
2022-07-20 18:15:00+00:00,22.084833
2022-07-21 18:15:00+00:00,22.361917
2022-07-22 18:15:00+00:00,22.918167
2022-07-23 18:15:00+00:00,21.884832
2022-07-24 18:15:00+00:00,21.995253
2022-07-25 18:15:00+00:00,21.818167
2022-07-26 18:15:00+00:00,22.016085
2022-07-27 18:15:00+00:00,21.930666
2022-07-28 18:15:00+00:00,22.17025
2022-07-29 18:15:00+00:00,22.09733
2022-07-30 18:15:00+00:00,21.647333
2022-07-31 18:15:00+00:00,21.920252
2022-08-01 18:15:00+00:00,21.63275
2022-08-02 18:15:00+00:00,22.378586
2022-08-03 18:15:00+00:00,22.184835
2022-08-04 18:15:00+00:00,22.768167
2022-08-05 18:15:00+00:00,22.843164
2022-08-06 18:15:00+00:00,22.949417
2022-08-07 18:15:00+00:00,22.955666
2022-08-08 18:15:00+00:00,23.836916
2022-08-09 18:15:00+00:00,23.084833
2022-08-10 18:15:00+00:00,23.022333
2022-08-11 18:15:00+00:00,22.92233
2022-08-12 18:15:00+00:00,23.3015
2022-08-13 18:15:00+00:00,22.35775
2022-08-14 18:15:00+00:00,22.651503
2022-08-15 18:15:00+00:00,22.282751
2022-08-16 18:15:00+00:00,22.305666
2022-08-17 18:15:00+00:00,22.86817
2022-08-18 18:15:00+00:00,22.457748
2022-08-19 18:15:00+00:00,22.574419
2022-08-20 18:15:00+00:00,22.414
2022-08-21 18:15:00+00:00,22.643166
2022-08-22 18:15:00+00:00,22.470247
2022-08-23 18:15:00+00:00,22.643167
2022-08-24 18:15:00+00:00,22.889
2022-08-25 18:15:00+00:00,22.324419
2022-08-26 18:15:00+00:00,22.047333
2022-08-27 18:15:00+00:00,21.20775
2022-08-28 18:15:00+00:00,21.980667
2022-08-29 18:15:00+00:00,22.066084
2022-08-30 18:15:00+00:00,21.513998
2022-08-31 18:15:00+00:00,21.080666
2022-09-01 18:15:00+00:00,21.4515
2022-09-02 18:15:00+00:00,22.361921
2022-09-03 18:15:00+00:00,21.891083
2022-09-04 18:15:00+00:00,21.880669
2022-09-05 18:15:00+00:00,22.295252
2022-09-06 18:15:00+00:00,21.636917
2022-09-07 18:15:00+00:00,21.411919
2022-09-08 18:15:00+00:00,21.386919
2022-09-09 18:15:00+00:00,21.124418
2022-09-10 18:15:00+00:00,21.393167
2022-09-11 18:15:00+00:00,21.330664
2022-09-12 18:15:00+00:00,21.409834
2022-09-13 18:15:00+00:00,21.149416
2022-09-14 18:15:00+00:00,21.197334
2022-09-15 18:15:00+00:00,20.945251
2022-09-16 18:15:00+00:00,20.751501
2022-09-17 18:15:00+00:00,21.120253
2022-09-18 18:15:00+00:00,21.83275
2022-09-19 18:15:00+00:00,22.088997
2022-09-20 18:15:00+00:00,21.60775
2022-09-21 18:15:00+00:00,21.766085
2022-09-22 18:15:00+00:00,21.553583
2022-09-23 18:15:00+00:00,20.920252
2022-09-24 18:15:00+00:00,20.405668
2022-09-25 18:15:00+00:00,20.22025
2022-09-26 18:15:00+00:00,20.001501
2022-09-27 18:15:00+00:00,20.043165
2022-09-28 18:15:00+00:00,20.041082
2022-09-29 18:15:00+00:00,20.70775
2022-09-30 18:15:00+00:00,20.311918
2022-10-01 18:15:00+00:00,21.428583
2022-10-02 18:15:00+00:00,21.968168
2022-10-03 18:15:00+00:00,20.326502
2022-10-04 18:15:00+00:00,19.999418
2022-10-05 18:15:00+00:00,19.220251
2022-10-06 18:15:00+00:00,19.718164
2022-10-07 18:15:00+00:00,20.728582
2022-10-08 18:15:00+00:00,20.338999
2022-10-09 18:15:00+00:00,19.891085
2022-10-10 18:15:00+00:00,19.55775
2022-10-11 18:15:00+00:00,19.091085
2022-10-12 18:15:00+00:00,18.680668
2022-10-13 18:15:00+00:00,18.18275
2022-10-14 18:15:00+00:00,17.884836
2022-10-15 18:15:00+00:00,17.939001
2022-10-16 18:15:00+00:00,18.084833
2022-10-17 18:15:00+00:00,17.149416
2022-10-18 18:15:00+00:00,15.907748
2022-10-19 18:15:00+00:00,16.086916
2022-10-20 18:15:00+00:00,16.57025
2022-10-21 18:15:00+00:00,16.772333
2022-10-22 18:15:00+00:00,17.649416
2022-10-23 18:15:00+00:00,18.44525
2022-10-24 18:15:00+00:00,17.264002
2022-10-25 18:15:00+00:00,16.041084
2022-10-26 18:15:00+00:00,16.053583
2022-10-27 18:15:00+00:00,15.736918
2022-10-28 18:15:00+00:00,16.318165
2022-10-29 18:15:00+00:00,16.953583
2022-10-30 18:15:00+00:00,16.824419
2022-10-31 18:15:00+00:00,16.447334
2022-11-01 18:15:00+00:00,16.047335
2022-11-02 18:15:00+00:00,15.932751
2022-11-03 18:15:00+00:00,16.368168
2022-11-04 18:15:00+00:00,16.889
2022-11-05 18:15:00+00:00,16.359835
2022-11-06 18:15:00+00:00,15.5702505
2022-11-07 18:15:00+00:00,15.391084
2022-11-08 18:15:00+00:00,15.211917
2022-11-09 18:15:00+00:00,15.018167
2022-11-10 18:15:00+00:00,14.401501
2022-11-11 18:15:00+00:00,14.391086
2022-11-12 18:15:00+00:00,13.1640005
2022-11-13 18:15:00+00:00,12.924417
2022-11-14 18:15:00+00:00,14.447334
2022-11-15 18:15:00+00:00,14.128585
2022-11-16 18:15:00+00:00,13.584834
2022-11-17 18:15:00+00:00,13.5765
2022-11-18 18:15:00+00:00,15.020251
2022-11-19 18:15:00+00:00,15.078586
2022-11-20 18:15:00+00:00,14.688999
2022-11-21 18:15:00+00:00,14.086918
2022-11-22 18:15:00+00:00,14.0765
2022-11-23 18:15:00+00:00,12.822334
2022-11-24 18:15:00+00:00,14.772334
2022-11-25 18:15:00+00:00,15.44942
2022-11-26 18:15:00+00:00,14.239001
2022-11-27 18:15:00+00:00,12.964001
2022-11-28 18:15:00+00:00,13.286919
2022-11-29 18:15:00+00:00,13.9015
2022-11-30 18:15:00+00:00,14.034832
2022-12-01 18:15:00+00:00,13.978583
2022-12-02 18:15:00+00:00,13.6952505
2022-12-03 18:15:00+00:00,13.695249
2022-12-04 18:15:00+00:00,12.736917
2022-12-05 18:15:00+00:00,12.868165
2022-12-06 18:15:00+00:00,12.811917
2022-12-07 18:15:00+00:00,12.468166
2022-12-08 18:15:00+00:00,12.803582
2022-12-09 18:15:00+00:00,12.730667
2022-12-10 18:15:00+00:00,13.461917
2022-12-11 18:15:00+00:00,13.291083
2022-12-12 18:15:00+00:00,12.389001
2022-12-13 18:15:00+00:00,11.999415
2022-12-14 18:15:00+00:00,11.472333
2022-12-15 18:15:00+00:00,12.982751
2022-12-16 18:15:00+00:00,12.363999
2022-12-17 18:15:00+00:00,13.666084
2022-12-18 18:15:00+00:00,12.861917
2022-12-19 18:15:00+00:00,12.347335
2022-12-20 18:15:00+00:00,11.54525
2022-12-21 18:15:00+00:00,11.8765
2022-12-22 18:15:00+00:00,11.536918
2022-12-23 18:15:00+00:00,11.072334
2022-12-24 18:15:00+00:00,11.943168
2022-12-25 18:15:00+00:00,10.934834
2022-12-26 18:15:00+00:00,10.653584
2022-12-27 18:15:00+00:00,9.5494175
2022-12-28 18:15:00+00:00,8.997334
2022-12-29 18:15:00+00:00,9.443166
2022-12-30 18:15:00+00:00,9.74525
2022-12-31 18:15:00+00:00,10.322333
2023-01-01 18:15:00+00:00,9.724418
2023-01-02 18:15:00+00:00,8.666082
2023-01-03 18:15:00+00:00,8.555667
2023-01-04 18:15:00+00:00,9.789
2023-01-05 18:15:00+00:00,10.928582
2023-01-06 18:15:00+00:00,12.111918
2023-01-07 18:15:00+00:00,12.238999
2023-01-08 18:15:00+00:00,12.320251
2023-01-09 18:15:00+00:00,12.253585
2023-01-10 18:15:00+00:00,11.516083
2023-01-11 18:15:00+00:00,10.722332
2023-01-12 18:15:00+00:00,11.413999
2023-01-13 18:15:00+00:00,11.191082
2023-01-14 18:15:00+00:00,10.336917
2023-01-15 18:15:00+00:00,8.597335
2023-01-16 18:15:00+00:00,8.297334
2023-01-17 18:15:00+00:00,8.5390005
2023-01-18 18:15:00+00:00,8.605667
2023-01-19 18:15:00+00:00,10.616084
2023-01-20 18:15:00+00:00,12.491084
2023-01-21 18:15:00+00:00,12.3410845
2023-01-22 18:15:00+00:00,13.432752
2023-01-23 18:15:00+00:00,13.559833
2023-01-24 18:15:00+00:00,14.132751
2023-01-25 18:15:00+00:00,14.349418
2023-01-26 18:15:00+00:00,14.749416
2023-01-27 18:15:00+00:00,13.8410845
2023-01-28 18:15:00+00:00,13.40775
2023-01-29 18:15:00+00:00,14.191083
2023-01-30 18:15:00+00:00,15.049417
2023-01-31 18:15:00+00:00,13.911918
2023-02-01 18:15:00+00:00,13.311919
2023-02-02 18:15:00+00:00,12.85775
2023-02-03 18:15:00+00:00,13.749416
2023-02-04 18:15:00+00:00,13.441083
2023-02-05 18:15:00+00:00,12.691083
2023-02-06 18:15:00+00:00,12.689
2023-02-07 18:15:00+00:00,12.684834
2023-02-08 18:15:00+00:00,12.209832
2023-02-09 18:15:00+00:00,12.826501
2023-02-10 18:15:00+00:00,14.478584
2023-02-11 18:15:00+00:00,12.801501
2023-02-12 18:15:00+00:00,12.5077505
2023-02-13 18:15:00+00:00,12.036916
2023-02-14 18:15:00+00:00,13.518167
2023-02-15 18:15:00+00:00,15.876499
2023-02-16 18:15:00+00:00,15.707751
2023-02-17 18:15:00+00:00,16.093168
2023-02-18 18:15:00+00:00,16.284836
2023-02-19 18:15:00+00:00,16.139
2023-02-20 18:15:00+00:00,15.636916
2023-02-21 18:15:00+00:00,15.5702505
2023-02-22 18:15:00+00:00,16.55775
2023-02-23 18:15:00+00:00,15.343165
2023-02-24 18:15:00+00:00,13.361916
2023-02-25 18:15:00+00:00,11.9140005
2023-02-26 18:15:00+00:00,12.716084
2023-02-27 18:15:00+00:00,14.189
2023-02-28 18:15:00+00:00,15.334834
2023-03-01 18:15:00+00:00,15.003586
2023-03-02 18:15:00+00:00,15.886917
2023-03-03 18:15:00+00:00,15.068169
2023-03-04 18:15:00+00:00,16.380667
2023-03-05 18:15:00+00:00,17.180666
2023-03-06 18:15:00+00:00,16.60775
2023-03-07 18:15:00+00:00,13.826499
2023-03-08 18:15:00+00:00,14.657752
2023-03-09 18:15:00+00:00,15.907752
2023-03-10 18:15:00+00:00,15.4765005
2023-03-11 18:15:00+00:00,17.080667
2023-03-12 18:15:00+00:00,15.991082
2023-03-13 18:15:00+00:00,14.832749
2023-03-14 18:15:00+00:00,14.928584
2023-03-15 18:15:00+00:00,16.361916
2023-03-16 18:15:00+00:00,15.441081
2023-03-17 18:15:00+00:00,14.526502
2023-03-18 18:15:00+00:00,14.259833
2023-03-19 18:15:00+00:00,13.449414
2023-03-20 18:15:00+00:00,13.234833
2023-03-21 18:15:00+00:00,13.555668
2023-03-22 18:15:00+00:00,14.641084
2023-03-23 18:15:00+00:00,14.674418
2023-03-24 18:15:00+00:00,15.753585
2023-03-25 18:15:00+00:00,17.345251
2023-03-26 18:15:00+00:00,16.999418
2023-03-27 18:15:00+00:00,16.547335
2023-03-28 18:15:00+00:00,16.647337
2023-03-29 18:15:00+00:00,17.520254
2023-03-30 18:15:00+00:00,15.480667
2023-03-31 18:15:00+00:00,13.705667
2023-04-01 18:15:00+00:00,13.128586
2023-04-02 18:15:00+00:00,14.839004
2023-04-03 18:15:00+00:00,15.843167
2023-04-04 18:15:00+00:00,16.914001
2023-04-05 18:15:00+00:00,18.313997
2023-04-06 18:15:00+00:00,18.814003
2023-04-07 18:15:00+00:00,18.889002
2023-04-08 18:15:00+00:00,19.795252
2023-04-09 18:15:00+00:00,19.676502
2023-04-10 18:15:00+00:00,20.20775
2023-04-11 18:15:00+00:00,20.807749
2023-04-12 18:15:00+00:00,21.411919
2023-04-13 18:15:00+00:00,22.401499
2023-04-14 18:15:00+00:00,22.766083
2023-04-15 18:15:00+00:00,23.159836
2023-04-16 18:15:00+00:00,23.74317
2023-04-17 18:15:00+00:00,24.451502
2023-04-18 18:15:00+00:00,24.428583
2023-04-19 18:15:00+00:00,23.005669
2023-04-20 18:15:00+00:00,20.249418
2023-04-21 18:15:00+00:00,20.191084
2023-04-22 18:15:00+00:00,19.914003
2023-04-23 18:15:00+00:00,16.534834
2023-04-24 18:15:00+00:00,16.951498
2023-04-25 18:15:00+00:00,19.053583
2023-04-26 18:15:00+00:00,19.749414
2023-04-27 18:15:00+00:00,19.89317
2023-04-28 18:15:00+00:00,19.455667
2023-04-29 18:15:00+00:00,17.599417
2023-04-30 18:15:00+00:00,16.016085
2023-05-01 18:15:00+00:00,16.003584
2023-05-02 18:15:00+00:00,17.328585
2023-05-03 18:15:00+00:00,17.176504
2023-05-04 18:15:00+00:00,18.372334
2023-05-05 18:15:00+00:00,19.966085
2023-05-06 18:15:00+00:00,20.2015
2023-05-07 18:15:00+00:00,21.534834
2023-05-08 18:15:00+00:00,21.461916
2023-05-09 18:15:00+00:00,20.649418
2023-05-10 18:15:00+00:00,21.022333
2023-05-11 18:15:00+00:00,21.428583
2023-05-12 18:15:00+00:00,21.853584
2023-05-13 18:15:00+00:00,20.664001
2023-05-14 18:15:00+00:00,19.641085
2023-05-15 18:15:00+00:00,19.011917
2023-05-16 18:15:00+00:00,19.974419
2023-05-17 18:15:00+00:00,19.636917
2023-05-18 18:15:00+00:00,20.3015
2023-05-19 18:15:00+00:00,20.022335
2023-05-20 18:15:00+00:00,20.703585
2023-05-21 18:15:00+00:00,21.836916
2023-05-22 18:15:00+00:00,20.524418
2023-05-23 18:15:00+00:00,20.455667
2023-05-24 18:15:00+00:00,19.180666
2023-05-25 18:15:00+00:00,19.234835
2023-05-26 18:15:00+00:00,19.080667
2023-05-27 18:15:00+00:00,19.289001
2023-05-28 18:15:00+00:00,20.886919
2023-05-29 18:15:00+00:00,22.303583
2023-05-30 18:15:00+00:00,23.651503
2023-05-31 18:15:00+00:00,24.241083
2023-06-01 18:15:00+00:00,23.880669
2023-06-02 18:15:00+00:00,23.603584
2023-06-03 18:15:00+00:00,23.768167
2023-06-04 18:15:00+00:00,23.128584
2023-06-05 18:15:00+00:00,23.15983
2023-06-06 18:15:00+00:00,23.757751
2023-06-07 18:15:00+00:00,23.653585
2023-06-08 18:15:00+00:00,24.89942
2023-06-09 18:15:00+00:00,24.199417
2023-06-10 18:15:00+00:00,23.33692
2023-06-11 18:15:00+00:00,22.966082
2023-06-12 18:15:00+00:00,22.443167
2023-06-13 18:15:00+00:00,21.351501
2023-06-14 18:15:00+00:00,22.378584
2023-06-15 18:15:00+00:00,22.951498
2023-06-16 18:15:00+00:00,23.657751
2023-06-17 18:15:00+00:00,23.299417
2023-06-18 18:15:00+00:00,23.047335
2023-06-19 18:15:00+00:00,23.191084
2023-06-20 18:15:00+00:00,23.759836
2023-06-21 18:15:00+00:00,23.943167
2023-06-22 18:15:00+00:00,23.98275
2023-06-23 18:15:00+00:00,23.149416
2023-06-24 18:15:00+00:00,23.109835
2023-06-25 18:15:00+00:00,23.136915
2023-06-26 18:15:00+00:00,22.916084
2023-06-27 18:15:00+00:00,22.709837
2023-06-28 18:15:00+00:00,22.918167
2023-06-29 18:15:00+00:00,21.897333
2023-06-30 18:15:00+00:00,22.220251
2023-07-01 18:15:00+00:00,22.886917
2023-07-02 18:15:00+00:00,22.789
2023-07-03 18:15:00+00:00,22.524416
2023-07-04 18:15:00+00:00,22.238998
2023-07-05 18:15:00+00:00,22.76608
2023-07-06 18:15:00+00:00,23.141083
2023-07-07 18:15:00+00:00,23.29733
2023-07-08 18:15:00+00:00,23.634832
2023-07-09 18:15:00+00:00,23.591085
2023-07-10 18:15:00+00:00,23.553589
2023-07-11 18:15:00+00:00,22.911917
2023-07-12 18:15:00+00:00,22.641085
2023-07-13 18:15:00+00:00,22.886917
2023-07-14 18:15:00+00:00,23.103584
2023-07-15 18:15:00+00:00,22.818169
2023-07-16 18:15:00+00:00,22.99108
2023-07-17 18:15:00+00:00,22.359838
2023-07-18 18:15:00+00:00,23.416082
2023-07-19 18:15:00+00:00,24.243166
2023-07-20 18:15:00+00:00,23.782751
2023-07-21 18:15:00+00:00,23.520248
2023-07-22 18:15:00+00:00,22.814001
2023-07-23 18:15:00+00:00,22.67025
2023-07-24 18:15:00+00:00,22.27025
2023-07-25 18:15:00+00:00,22.932753
2023-07-26 18:15:00+00:00,22.934835
2023-07-27 18:15:00+00:00,23.047333
2023-07-28 18:15:00+00:00,22.591085
2023-07-29 18:15:00+00:00,22.789001
2023-07-30 18:15:00+00:00,23.411919
2023-07-31 18:15:00+00:00,24.084833
2023-08-01 18:15:00+00:00,24.507753
2023-08-02 18:15:00+00:00,23.584831
2023-08-03 18:15:00+00:00,23.114
2023-08-04 18:15:00+00:00,22.941084
2023-08-05 18:15:00+00:00,22.511917
2023-08-06 18:15:00+00:00,22.378586
2023-08-07 18:15:00+00:00,22.355667
2023-08-08 18:15:00+00:00,23.46192
2023-08-09 18:15:00+00:00,23.4515
2023-08-10 18:15:00+00:00,23.166084
2023-08-11 18:15:00+00:00,23.003586
2023-08-12 18:15:00+00:00,21.999418
2023-08-13 18:15:00+00:00,22.130669
2023-08-14 18:15:00+00:00,22.578583
2023-08-15 18:15:00+00:00,22.9515
2023-08-16 18:15:00+00:00,23.274414
2023-08-17 18:15:00+00:00,23.58692
2023-08-18 18:15:00+00:00,23.520248
2023-08-19 18:15:00+00:00,22.976501
2023-08-20 18:15:00+00:00,22.50358
2023-08-21 18:15:00+00:00,22.678583
2023-08-22 18:15:00+00:00,22.309837
2023-08-23 18:15:00+00:00,22.480667
2023-08-24 18:15:00+00:00,22.511917
2023-08-25 18:15:00+00:00,21.847334
2023-08-26 18:15:00+00:00,22.08275
2023-08-27 18:15:00+00:00,22.032751
2023-08-28 18:15:00+00:00,22.066086
2023-08-29 18:15:00+00:00,22.184835
2023-08-30 18:15:00+00:00,22.468164
2023-08-31 18:15:00+00:00,22.934832
2023-09-01 18:15:00+00:00,22.914001
2023-09-02 18:15:00+00:00,23.291084
2023-09-03 18:15:00+00:00,22.895254
2023-09-04 18:15:00+00:00,22.822334
2023-09-05 18:15:00+00:00,23.603584
2023-09-06 18:15:00+00:00,23.286913
2023-09-07 18:15:00+00:00,22.411919
2023-09-08 18:15:00+00:00,22.124418
2023-09-09 18:15:00+00:00,22.295252
2023-09-10 18:15:00+00:00,22.49317
2023-09-11 18:15:00+00:00,22.761917
2023-09-12 18:15:00+00:00,23.151499
2023-09-13 18:15:00+00:00,23.018166
2023-09-14 18:15:00+00:00,23.003586
2023-09-15 18:15:00+00:00,22.789
2023-09-16 18:15:00+00:00,22.2265
2023-09-17 18:15:00+00:00,22.984838
2023-09-18 18:15:00+00:00,22.426498
2023-09-19 18:15:00+00:00,21.878586
2023-09-20 18:15:00+00:00,21.709833
2023-09-21 18:15:00+00:00,21.432753
2023-09-22 18:15:00+00:00,21.068167
2023-09-23 18:15:00+00:00,21.20775
2023-09-24 18:15:00+00:00,20.661919
2023-09-25 18:15:00+00:00,21.214003
2023-09-26 18:15:00+00:00,21.626501
2023-09-27 18:15:00+00:00,21.843168
2023-09-28 18:15:00+00:00,21.928587
2023-09-29 18:15:00+00:00,22.432753
2023-09-30 18:15:00+00:00,22.251497
2023-10-01 18:15:00+00:00,21.191084
2023-10-02 18:15:00+00:00,21.522331
2023-10-03 18:15:00+00:00,20.076502
2023-10-04 18:15:00+00:00,21.32025
2023-10-05 18:15:00+00:00,20.791082
2023-10-06 18:15:00+00:00,20.478584
2023-10-07 18:15:00+00:00,20.045252
2023-10-08 18:15:00+00:00,20.299416
2023-10-09 18:15:00+00:00,19.791086
2023-10-10 18:15:00+00:00,19.134832
2023-10-11 18:15:00+00:00,18.770252
2023-10-12 18:15:00+00:00,18.659834
2023-10-13 18:15:00+00:00,18.074415
2023-10-14 18:15:00+00:00,17.966084
2023-10-15 18:15:00+00:00,17.228584
2023-10-16 18:15:00+00:00,17.622334
2023-10-17 18:15:00+00:00,16.391083
2023-10-18 18:15:00+00:00,16.501497
2023-10-19 18:15:00+00:00,16.766087
2023-10-20 18:15:00+00:00,16.39317
2023-10-21 18:15:00+00:00,17.032751
2023-10-22 18:15:00+00:00,17.139002
2023-10-23 18:15:00+00:00,17.251501
2023-10-24 18:15:00+00:00,17.32858
2023-10-25 18:15:00+00:00,17.189001
2023-10-26 18:15:00+00:00,17.06817
2023-10-27 18:15:00+00:00,16.816084
2023-10-28 18:15:00+00:00,16.79733
2023-10-29 18:15:00+00:00,17.736917
2023-10-30 18:15:00+00:00,17.972334
2023-10-31 18:15:00+00:00,17.97442
2023-11-01 18:15:00+00:00,16.734835
2023-11-02 18:15:00+00:00,16.099417
2023-11-03 18:15:00+00:00,15.543168
2023-11-04 18:15:00+00:00,15.701501
2023-11-05 18:15:00+00:00,15.559834
2023-11-06 18:15:00+00:00,15.955666
2023-11-07 18:15:00+00:00,15.868165
2023-11-08 18:15:00+00:00,15.511916
2023-11-09 18:15:00+00:00,14.918168
2023-11-10 18:15:00+00:00,14.620251
2023-11-11 18:15:00+00:00,15.364001
2023-11-12 18:15:00+00:00,16.1515
2023-11-13 18:15:00+00:00,16.266085
2023-11-14 18:15:00+00:00,15.884834
2023-11-15 18:15:00+00:00,15.714
2023-11-16 18:15:00+00:00,16.503584
2023-11-17 18:15:00+00:00,15.399415
2023-11-18 18:15:00+00:00,14.5265
2023-11-19 18:15:00+00:00,15.670249
2023-11-20 18:15:00+00:00,14.89108
2023-11-21 18:15:00+00:00,13.734836
2023-11-22 18:15:00+00:00,14.549418
2023-11-23 18:15:00+00:00,14.847335
2023-11-24 18:15:00+00:00,14.530669
2023-11-25 18:15:00+00:00,14.980667
2023-11-26 18:15:00+00:00,15.501499
2023-11-27 18:15:00+00:00,15.241085
2023-11-28 18:15:00+00:00,14.672332
2023-11-29 18:15:00+00:00,13.886917
2023-11-30 18:15:00+00:00,13.959834
2023-12-01 18:15:00+00:00,14.361917
2023-12-02 18:15:00+00:00,14.834834
2023-12-03 18:15:00+00:00,13.272332
2023-12-04 18:15:00+00:00,15.547337
2023-12-05 18:15:00+00:00,15.074418
2023-12-06 18:15:00+00:00,12.839001
2023-12-07 18:15:00+00:00,12.749416
2023-12-08 18:15:00+00:00,12.488999
2023-12-09 18:15:00+00:00,12.093167
2023-12-10 18:15:00+00:00,12.424417
2023-12-11 18:15:00+00:00,11.139
2023-12-12 18:15:00+00:00,10.603584
2023-12-13 18:15:00+00:00,11.618167
2023-12-14 18:15:00+00:00,10.843166
2023-12-15 18:15:00+00:00,11.236917
2023-12-16 18:15:00+00:00,11.464001
2023-12-17 18:15:00+00:00,11.661918
2023-12-18 18:15:00+00:00,10.041083
2023-12-19 18:15:00+00:00,12.039001
2023-12-20 18:15:00+00:00,13.368165
2023-12-21 18:15:00+00:00,12.893168
2023-12-22 18:15:00+00:00,12.5077505
2023-12-23 18:15:00+00:00,12.630668
2023-12-24 18:15:00+00:00,11.980668
2023-12-25 18:15:00+00:00,12.5015
2023-12-26 18:15:00+00:00,12.222335
2023-12-27 18:15:00+00:00,11.893168
2023-12-28 18:15:00+00:00,12.405667
2023-12-29 18:15:00+00:00,12.645251
2023-12-30 18:15:00+00:00,12.366082
2023-12-31 18:15:00+00:00,11.295249
2024-01-01 18:15:00+00:00,10.247333
2024-01-02 18:15:00+00:00,10.124416
2024-01-03 18:15:00+00:00,10.899417
2024-01-04 18:15:00+00:00,10.836915
2024-01-05 18:15:00+00:00,10.759833
2024-01-06 18:15:00+00:00,11.203584
2024-01-07 18:15:00+00:00,10.399416
2024-01-08 18:15:00+00:00,11.076501
2024-01-09 18:15:00+00:00,11.632749
2024-01-10 18:15:00+00:00,9.7160845
2024-01-11 18:15:00+00:00,10.843166
2024-01-12 18:15:00+00:00,12.43275
2024-01-13 18:15:00+00:00,12.268167
2024-01-14 18:15:00+00:00,12.22025
2024-01-15 18:15:00+00:00,10.599416
2024-01-16 18:15:00+00:00,9.14525
2024-01-17 18:15:00+00:00,8.601499
2024-01-18 18:15:00+00:00,8.759833
2024-01-19 18:15:00+00:00,8.730666
2024-01-20 18:15:00+00:00,9.084832
2024-01-21 18:15:00+00:00,9.484834
2024-01-22 18:15:00+00:00,9.605667
2024-01-23 18:15:00+00:00,9.284835
2024-01-24 18:15:00+00:00,9.15775
2024-01-25 18:15:00+00:00,9.249416
2024-01-26 18:15:00+00:00,9.380667
2024-01-27 18:15:00+00:00,9.5765
2024-01-28 18:15:00+00:00,10.7265005
2024-01-29 18:15:00+00:00,9.7890005
2024-01-30 18:15:00+00:00,10.341084
2024-01-31 18:15:00+00:00,9.086917
2024-02-01 18:15:00+00:00,10.08275
2024-02-02 18:15:00+00:00,11.016084
2024-02-03 18:15:00+00:00,9.064
2024-02-04 18:15:00+00:00,10.797334
2024-02-05 18:15:00+00:00,9.697333
2024-02-06 18:15:00+00:00,10.493168
2024-02-07 18:15:00+00:00,10.153584
2024-02-08 18:15:00+00:00,10.12025
2024-02-09 18:15:00+00:00,12.430667
2024-02-10 18:15:00+00:00,12.953584
2024-02-11 18:15:00+00:00,13.751502
2024-02-12 18:15:00+00:00,13.849419
2024-02-13 18:15:00+00:00,12.332747
2024-02-14 18:15:00+00:00,13.230667
2024-02-15 18:15:00+00:00,13.774418
2024-02-16 18:15:00+00:00,13.626502
2024-02-17 18:15:00+00:00,13.889
2024-02-18 18:15:00+00:00,13.693168
2024-02-19 18:15:00+00:00,14.6535845
2024-02-20 18:15:00+00:00,13.464
2024-02-21 18:15:00+00:00,11.6640005
2024-02-22 18:15:00+00:00,10.886917
2024-02-23 18:15:00+00:00,11.218167
2024-02-24 18:15:00+00:00,11.620251
2024-02-25 18:15:00+00:00,13.361916
2024-02-26 18:15:00+00:00,14.011917
2024-02-27 18:15:00+00:00,14.739001
2024-02-28 18:15:00+00:00,14.399417
2024-02-29 18:15:00+00:00,15.257751
2024-03-01 18:15:00+00:00,15.003582
2024-03-02 18:15:00+00:00,13.582751
2024-03-03 18:15:00+00:00,14.584835
2024-03-04 18:15:00+00:00,15.501503
2024-03-05 18:15:00+00:00,15.876503
2024-03-06 18:15:00+00:00,15.4348345
2024-03-07 18:15:00+00:00,15.059834
2024-03-08 18:15:00+00:00,15.574417
2024-03-09 18:15:00+00:00,16.334835
2024-03-10 18:15:00+00:00,16.626501
2024-03-11 18:15:00+00:00,17.103582
2024-03-12 18:15:00+00:00,17.497332
2024-03-13 18:15:00+00:00,17.405666
2024-03-14 18:15:00+00:00,17.724419
2024-03-15 18:15:00+00:00,17.389002
2024-03-16 18:15:00+00:00,17.816084
2024-03-17 18:15:00+00:00,17.841084
2024-03-18 18:15:00+00:00,17.35775
2024-03-19 18:15:00+00:00,15.051498
2024-03-20 18:15:00+00:00,14.543167
2024-03-21 18:15:00+00:00,14.884833
2024-03-22 18:15:00+00:00,15.353584
2024-03-23 18:15:00+00:00,16.180668
2024-03-24 18:15:00+00:00,15.997334
2024-03-25 18:15:00+00:00,17.030668
2024-03-26 18:15:00+00:00,16.741083
2024-03-27 18:15:00+00:00,17.278582
2024-03-28 18:15:00+00:00,17.805668
2024-03-29 18:15:00+00:00,18.668169
2024-03-30 18:15:00+00:00,18.934832
2024-03-31 18:15:00+00:00,19.716085
2024-04-01 18:15:00+00:00,20.866085
2024-04-02 18:15:00+00:00,20.718168
2024-04-03 18:15:00+00:00,21.530664
2024-04-04 18:15:00+00:00,21.620253
2024-04-05 18:15:00+00:00,21.491087
2024-04-06 18:15:00+00:00,20.895252
2024-04-07 18:15:00+00:00,19.928583
2024-04-08 18:15:00+00:00,20.561916
2024-04-09 18:15:00+00:00,21.4265
2024-04-10 18:15:00+00:00,20.201502
2024-04-11 18:15:00+00:00,20.278582
2024-04-12 18:15:00+00:00,21.5515
2024-04-13 18:15:00+00:00,22.189001
2024-04-14 18:15:00+00:00,23.378584
2024-04-15 18:15:00+00:00,23.46192
2024-04-16 18:15:00+00:00,22.497337
2024-04-17 18:15:00+00:00,23.09108
2024-04-18 18:15:00+00:00,22.838999
2024-04-19 18:15:00+00:00,23.914
2024-04-20 18:15:00+00:00,24.728584
2024-04-21 18:15:00+00:00,24.724417
2024-04-22 18:15:00+00:00,23.559837
2024-04-23 18:15:00+00:00,23.422335
2024-04-24 18:15:00+00:00,24.074415
2024-04-25 18:15:00+00:00,24.349417
2024-04-26 18:15:00+00:00,24.349419
2024-04-27 18:15:00+00:00,24.093164
2024-04-28 18:15:00+00:00,24.732752
2024-04-29 18:15:00+00:00,25.141085
2024-04-30 18:15:00+00:00,23.632746
2024-05-01 18:15:00+00:00,22.595251
2024-05-02 18:15:00+00:00,23.739004
2024-05-03 18:15:00+00:00,23.636919
2024-05-04 18:15:00+00:00,23.17025
2024-05-05 18:15:00+00:00,23.230669
2024-05-06 18:15:00+00:00,19.33275
2024-05-07 18:15:00+00:00,18.20775
2024-05-08 18:15:00+00:00,19.455667
2024-05-09 18:15:00+00:00,19.984835
2024-05-10 18:15:00+00:00,19.70775
2024-05-11 18:15:00+00:00,19.397335
2024-05-12 18:15:00+00:00,19.861917
2024-05-13 18:15:00+00:00,21.061918
2024-05-14 18:15:00+00:00,22.066086
2024-05-15 18:15:00+00:00,22.961914
2024-05-16 18:15:00+00:00,23.976503
2024-05-17 18:15:00+00:00,24.168169
2024-05-18 18:15:00+00:00,22.953585
2024-05-19 18:15:00+00:00,22.247332
2024-05-20 18:15:00+00:00,22.703585
2024-05-21 18:15:00+00:00,22.10983
2024-05-22 18:15:00+00:00,22.468164
2024-05-23 18:15:00+00:00,23.338999
2024-05-24 18:15:00+00:00,23.709833
2024-05-25 18:15:00+00:00,23.641085
2024-05-26 18:15:00+00:00,23.478584
2024-05-27 18:15:00+00:00,22.055666
2024-05-28 18:15:00+00:00,23.368166
2024-05-29 18:15:00+00:00,25.403582
2024-05-30 18:15:00+00:00,24.826502
2024-05-31 18:15:00+00:00,22.872335
2024-06-01 18:15:00+00:00,23.441084
2024-06-02 18:15:00+00:00,22.845251
2024-06-03 18:15:00+00:00,22.672335
2024-06-04 18:15:00+00:00,22.451498
2024-06-05 18:15:00+00:00,23.49317
2024-06-06 18:15:00+00:00,22.016083
2024-06-07 18:15:00+00:00,23.034836
2024-06-08 18:15:00+00:00,24.65567
2024-06-09 18:15:00+00:00,25.518167
2024-06-10 18:15:00+00:00,24.351501
2024-06-11 18:15:00+00:00,25.070251
2024-06-12 18:15:00+00:00,24.539003
2024-06-13 18:15:00+00:00,
2024-06-14 18:15:00+00:00,
